injection_time_peak,injection_date_peak,year_month_peak,project_peak,system_name_peak,sample_set_name_peak,method_set_name_peak,column_serial_number_peak,column_name_peak,analyte,system_operator_peak,file_path,created_at,ids_file_id,manual_integration,channel_id,channel_name,peak_start,peak_end,amount_percent,amount_value,area_value,area_percent,resolution,retention_time,signal_to_noise_ratio,symmetry_factor,usp_tailing,asym_at_10,peak_width_5,peak_width_10,peak_width_50,asymmetry_aia,asymmetry_usp,custom_field_peak,source_type_peak,sample_name_peak,sample_type_peak,injection_duration_peak,source_type_injection,injection_id,system_name_injection,system_operator_injection,injection_volume,column_serial_number_injection,column_name_injection,sample_name_injection,sample_type_injection,sample_set_name_injection,method_set_name_injection,injection_time_injection,injection_date_injection,year_month_injection,injection_duration_injection,project_injection,result_count,custom_field_injection,sample_injection_count
2024-06-20 13:00:07.000 UTC,2024-06-20,2024-06,Heist\Tetrascience\Atozet_As_DEG_Atorvastatin_new,Waters68,HEIST_2024_ZZZZ,OG0653C_Assay_Atorvastatin,,,Atorvastatin Lactone,vancaelk,,,d4907f41-25d5-4d6f-8046-4f8e4c203f6a,False,3c6b31fc-12f4-5701-9fb3-310439fd811c,W2489 ChA,16.275,16.675,,,6378.0,0.18,,16.522,,,,,,,,,,"{Corrected_Area_Founds=6377.5284, LimsSampleId=7742782, Column_ID=4.6mm, Column_temp=35°C, LimsTestId=14472588, Column_nr=FZ, Column_type=ascentis express c18, Corrected_Area_All=6377.5284, LabwareFileId=63af622c-86d2-436c-bb85-58ee51d4b08d, Column_length=15cm}",Empower,Ref,Standard,35.0,Empower,1402,Waters68,vancaelk,15.0,,,Ref,Standard,HEIST_2024_ZZZZ,OG0653C_Assay_Atorvastatin,2024-06-20 13:00:07.000 UTC,2024-06-20,2024-06,35.0,Heist\Tetrascience\Atozet_As_DEG_Atorvastatin_new,2,"{LimsSampleId=7742782, Column_ID=4.6mm, Column_temp=35°C, LimsTestId=14472588, Column_nr=FZ, Column_type=ascentis express c18, LabwareFileId=63af622c-86d2-436c-bb85-58ee51d4b08d, Column_length=15cm}",9
2023-08-31 03:31:41.000 UTC,2023-08-31,2023-08,N/A (Chromeleon),CRONUS,iec_quant_test_1,iec_quant_method_v2,,,sulfate,cmadmin,,,d870ecc9-01e1-46a8-86ff-44b76ba4dcfa,False,79f84bf5-f647-e33c-3127-6f8153a0c6cb,CD_2_Total,2.9966666666666666,3.716666666666667,,,0.0933254845901911,29.562119256686028,,3.16,186.8360361106118,,,,,,,,,,Chromeleon,IEC_method_cal_14,Unknown,4.5,Chromeleon,IEC_method_cal_14:14.0,CRONUS,cmadmin,20.0,,,IEC_method_cal_14,Unknown,iec_quant_test_1,iec_quant_method_v2,2023-08-31 03:31:41.000 UTC,2023-08-31,2023-08,4.5,N/A (Chromeleon),4,,1
2025-06-10 19:08:31.000 UTC,2025-06-10,2025-06,Heist\2025_Q2\HPLC\Atozet\OG0653C_As_Atorva_Degr,Waters68,366,OG0653C_Assay_Atorvastatin,,,Atorvastatin,demeutte,,,19fcff6c-d988-4dbb-9c7b-8d9f8de709d9,False,e827143d-06db-53b6-bcb8-a538d4f514e2,W2489 ChA,10.375,11.108,,,542.0,0.01,,10.69,0.51924,,,,,,,,,"{ATTRIBUTE_15=0.00000000, Corrected_Area_Founds=541.6180, Column_ID=4.6mm, Identification_Procent=-1.8192258780, Final_Proc_Degr_Ref_Est=ND, Identification=CONFORMS, Identification_MIN=-1.819, Column_nr=47627389, Column_type=ascentis express c18, Corrected_Area_All=541.6180, Proc_Diff_Check=0.15, Column_length=15cm, Column_temp=35°C, ExperimentId=366, Identification_MAX=-1.819, Proc_Degr_Ref_Est_0=0.00000000}",Empower,Stressed Eze,Unknown,35.0,Empower,1084,Waters68,demeutte,15.0,,,Stressed Eze,Unknown,366,OG0653C_Assay_Atorvastatin,2025-06-10 19:08:31.000 UTC,2025-06-10,2025-06,35.0,Heist\2025_Q2\HPLC\Atozet\OG0653C_As_Atorva_Degr,1,"{Column_ID=4.6mm, Column_temp=35°C, ExperimentId=366, Column_nr=47627389, Column_type=ascentis express c18, Column_length=15cm}",1
2024-06-25 10:51:39.000 UTC,2024-06-25,2024-06,Heist\Tetrascience\Atozet_As_DEG_Atorvastatin_new,Waters68,HEI_2024_1234,OG0653C_Assay_Atorvastatin,,,,demeutte,,,1dfbc861-e5a2-489d-9a4d-07739891ec41,False,f6615217-6243-55b0-a938-95e44d85fdaf,W2489 ChA,2.725,3.167,0.09,0.037,1831.0,0.04,,2.957,,,,,,,,,,"{ATTRIBUTE_15=0.09233349, LimsSampleId=7743902, Corr_Factor_Weight_Sample=1.0000000000, Column_ID=4.6mm, Proc_Degr_Ref_Est=0.09233349, Final_Proc_Degr_Ref_Est=NQ, Column_nr=FZ, Column_type=ascentis express c18, Corrected_Area_All=1831.2971, Column_length=15cm, Volume_Sample_Solution=104.160000, Corr_Amount_Weight_Sample=0.03693339, Column_temp=35°C, LimsTestId=14473937, Assay_unit=mg/tab, Proc_Degr_Ref_Est_0=0.09233349, LabwareFileId=68340e09-880e-4f92-b2aa-4044e8b75dd2}",Empower,7743902,Unknown,35.0,Empower,1618,Waters68,demeutte,15.0,,,7743902,Unknown,HEI_2024_1234,OG0653C_Assay_Atorvastatin,2024-06-25 10:51:39.000 UTC,2024-06-25,2024-06,35.0,Heist\Tetrascience\Atozet_As_DEG_Atorvastatin_new,1,"{LimsSampleId=7743902, Corr_Factor_Weight_Sample=1.0000000000, Volume_Sample_Solution=104.160000, Column_ID=4.6mm, Column_temp=35°C, LimsTestId=14473937, Assay_unit=mg/tab, Column_nr=FZ, Column_type=ascentis express c18, LabwareFileId=68340e09-880e-4f92-b2aa-4044e8b75dd2, Column_length=15cm}",1
2025-06-11 00:31:42.000 UTC,2025-06-11,2025-06,Heist\2025_Q2\HPLC\Atozet\OG0653C_As_Atorva_Degr,Waters68,366,OG0653C_Assay_Atorvastatin,,,RRT 1.91,demeutte,,,92cfd2b2-e7c6-469e-b32e-ce6f17adb2a5,False,c1c0c5d6-7768-514b-9b21-da03e38ec4d9,W2489 ChA,,,,,,,,19.289,,,,,,,,,,,Empower,STD,Standard,35.0,Empower,1110,Waters68,demeutte,15.0,,,STD,Standard,366,OG0653C_Assay_Atorvastatin,2025-06-11 00:31:42.000 UTC,2025-06-11,2025-06,35.0,Heist\2025_Q2\HPLC\Atozet\OG0653C_As_Atorva_Degr,1,"{LimsSampleId=7786902, Column_ID=4.6mm, Column_temp=35°C, ExperimentId=366, LimsTestId=14527279, Column_nr=47627389, Column_type=ascentis express c18, Column_length=15cm}",6
2025-06-10 20:20:26.000 UTC,2025-06-10,2025-06,Heist\2025_Q2\HPLC\Atozet\OG0653C_As_Atorva_Degr,Waters68,366,OG0653C_Assay_Atorvastatin,,,Hydroxyl isopropyl epoxide,demeutte,,,a88c80d6-400a-49d1-ba6d-47e1cc3492ba,False,6d88bf2e-c3d0-51c6-845a-070af266deaf,W2489 ChA,18.708,19.342,,,3197.0,0.09,,18.892,,,,,,,,,,"{Corrected_Area_Founds=3196.6913, LimsSampleId=7786902, Column_ID=4.6mm, Identification_Procent=-0.1337019973, Proc_RSD_References=2.300, Identification=CONFORMS, Identification_MIN=-0.134, Column_nr=47627389, Column_type=ascentis express c18, Corrected_Area_All=3196.6913, Column_length=15cm, Column_temp=35°C, ExperimentId=366, LimsTestId=14527279, Identification_MAX=-0.134}",Empower,STD,Standard,35.0,Empower,1090,Waters68,demeutte,15.0,,,STD,Standard,366,OG0653C_Assay_Atorvastatin,2025-06-10 20:20:26.000 UTC,2025-06-10,2025-06,35.0,Heist\2025_Q2\HPLC\Atozet\OG0653C_As_Atorva_Degr,1,"{LimsSampleId=7786902, Column_ID=4.6mm, Column_temp=35°C, ExperimentId=366, LimsTestId=14527279, Column_nr=47627389, Column_type=ascentis express c18, Column_length=15cm}",1
2023-08-31 03:31:41.000 UTC,2023-08-31,2023-08,N/A (Chromeleon),CRONUS,iec_quant_test_1,iec_quant_method_v2,,,phosphate,cmadmin,,,d870ecc9-01e1-46a8-86ff-44b76ba4dcfa,False,79f84bf5-f647-e33c-3127-6f8153a0c6cb,CD_2_Total,2.6100000000000003,2.9966666666666666,,,0.0350306455005936,11.09643442490181,1.561014277935952,2.83,81.77700379036852,,,,,,,,,,Chromeleon,IEC_method_cal_14,Unknown,4.5,Chromeleon,IEC_method_cal_14:14.0,CRONUS,cmadmin,20.0,,,IEC_method_cal_14,Unknown,iec_quant_test_1,iec_quant_method_v2,2023-08-31 03:31:41.000 UTC,2023-08-31,2023-08,4.5,N/A (Chromeleon),4,,1
2023-08-31 03:31:41.000 UTC,2023-08-31,2023-08,N/A (Chromeleon),CRONUS,iec_quant_test_1,iec_quant_method_v2,,,nitrite,cmadmin,,,d870ecc9-01e1-46a8-86ff-44b76ba4dcfa,False,79f84bf5-f647-e33c-3127-6f8153a0c6cb,CD_2_Total,1.856666666666667,2.4066666666666667,,,0.0499325142510639,15.81680446191084,5.3175594873011285,1.9366666666666668,245.92500125243245,,,,,,,,,,Chromeleon,IEC_method_cal_14,Unknown,4.5,Chromeleon,IEC_method_cal_14:14.0,CRONUS,cmadmin,20.0,,,IEC_method_cal_14,Unknown,iec_quant_test_1,iec_quant_method_v2,2023-08-31 03:31:41.000 UTC,2023-08-31,2023-08,4.5,N/A (Chromeleon),4,,1
2025-06-10 22:44:03.000 UTC,2025-06-11,2025-06,Heist\2025_Q2\HPLC\Atozet\OG0653C_As_Atorva_Degr,Waters68,366,OG0653C_Assay_Atorvastatin,,,Ezetimibe,demeutte,,,83c695aa-932d-4df8-99bf-d6e8b75c3b7e,False,b3a79708-6d97-59f3-a6f2-60042fb7420d,W2489 ChA,,,,,,,,7.841,,,,,,,,,,,Empower,STD,Standard,35.0,Empower,1102,Waters68,demeutte,15.0,,,STD,Standard,366,OG0653C_Assay_Atorvastatin,2025-06-10 22:44:03.000 UTC,2025-06-10,2025-06,35.0,Heist\2025_Q2\HPLC\Atozet\OG0653C_As_Atorva_Degr,1,"{LimsSampleId=7786902, Column_ID=4.6mm, Column_temp=35°C, ExperimentId=366, LimsTestId=14527279, Column_nr=47627389, Column_type=ascentis express c18, Column_length=15cm}",5
2025-06-11 01:43:37.000 UTC,2025-06-11,2025-06,Heist\2025_Q2\HPLC\Atozet\OG0653C_As_Atorva_Degr,Waters68,366,OG0653C_Assay_Atorvastatin,,,SCH59566 (deg Ezet),demeutte,,,f8c566cd-dc43-49a0-b3a6-f36ac4917ba3,False,0d72827b-897d-56d7-8f3d-4d773996b125,W2489 ChA,12.542,13.3,,,49599.0,0.97,,12.965,,,,,,,,,,"{ATTRIBUTE_15=0.00000000, Corrected_Area_Founds=49598.6461, LimsSampleId=47627508, Corr_Factor_Weight_Sample=1.0000000000, Column_ID=4.6mm, sample_pk=Identification Assay & Degradates (HPLC) - Atorvastatin_366_47627508_RPL2, Column_nr=47627389, Column_type=ascentis express c18, Corrected_Area_All=49598.6461, Column_length=15cm, Volume_Sample_Solution=104.000000, Column_temp=35°C, ExperimentId=366, file_id=af44fdc6-1bd2-4f51-b7de-a0d7240d5b4e, LimsTestId=86442711, Assay_unit=mg/tab, Proc_Degr_Ref_Est_0=0.00000000, Sampleinformation=REP2}",Empower,TULIP_SIT_6,Unknown,35.0,Empower,1116,Waters68,demeutte,15.0,,,TULIP_SIT_6,Unknown,366,OG0653C_Assay_Atorvastatin,2025-06-11 01:43:37.000 UTC,2025-06-11,2025-06,35.0,Heist\2025_Q2\HPLC\Atozet\OG0653C_As_Atorva_Degr,1,"{LimsSampleId=47627508, Corr_Factor_Weight_Sample=1.0000000000, Column_ID=4.6mm, sample_pk=Identification Assay & Degradates (HPLC) - Atorvastatin_366_47627508_RPL2, Column_nr=47627389, Column_type=ascentis express c18, Column_length=15cm, Volume_Sample_Solution=104.000000, Column_temp=35°C, ExperimentId=366, file_id=af44fdc6-1bd2-4f51-b7de-a0d7240d5b4e, LimsTestId=86442711, Assay_unit=mg/tab, Sampleinformation=REP2}",2
2025-06-10 17:20:45.000 UTC,2025-06-10,2025-06,Heist\2025_Q2\HPLC\Atozet\OG0653C_As_Atorva_Degr,Waters68,366,OG0653C_Assay_Atorvastatin,,,RRT 0.86 (Desfluoro-imp Atov),demeutte,,,07a168b4-6337-4318-a880-82272270ad5d,False,a4e949a6-7413-55cb-9103-d1e1ffcc47a1,W2489 ChA,8.967,9.675,,,500.0,12.17,,9.122,2.532332,1.789342,,,0.5152977,,0.416137,,,"{ATTRIBUTE_15=0.00000000, Corrected_Area_Founds=500.4646, Column_ID=4.6mm, Identification_Procent=-0.7152092191, Identification=CONFORMS, Identification_MIN=-0.715, Column_nr=47627389, Column_type=ascentis express c18, Corrected_Area_All=500.4646, Column_length=15cm, Column_temp=35°C, ExperimentId=366, Identification_MAX=-0.715, Proc_Degr_Ref_Est_0=0.00000000}",Empower,0.1% LOQ,Unknown,35.0,Empower,1075,Waters68,demeutte,15.0,,,0.1% LOQ,Unknown,366,OG0653C_Assay_Atorvastatin,2025-06-10 17:20:45.000 UTC,2025-06-10,2025-06,35.0,Heist\2025_Q2\HPLC\Atozet\OG0653C_As_Atorva_Degr,1,"{Column_ID=4.6mm, Column_temp=35°C, ExperimentId=366, Column_nr=47627389, Column_type=ascentis express c18, Column_length=15cm}",1
2025-06-10 15:33:01.000 UTC,2025-06-10,2025-06,Heist\2025_Q2\HPLC\Atozet\OG0653C_As_Atorva_Degr,Waters68,366,OG0653C_Assay_Atorvastatin,,,Diketo Epoxide,demeutte,,,4fba57ea-1661-459e-9734-2010eef76000,False,ca53be45-2d36-5edd-917e-8ca3a10b3e0b,W2489 ChA,,,,,,,,23.695,,,,,,,,,,"{ATTRIBUTE_15=0.00000000, Column_ID=4.6mm, Column_temp=35°C, ExperimentId=366, Final_Proc_Degr_Ref_Est=ND, Proc_Degr_Ref_Est_0=0.00000000, Column_nr=47627389, Column_type=ascentis express c18, Column_length=15cm}",Empower,Diluent A,Unknown,35.0,Empower,1066,Waters68,demeutte,15.0,,,Diluent A,Unknown,366,OG0653C_Assay_Atorvastatin,2025-06-10 15:33:01.000 UTC,2025-06-10,2025-06,35.0,Heist\2025_Q2\HPLC\Atozet\OG0653C_As_Atorva_Degr,1,"{Column_ID=4.6mm, Column_temp=35°C, ExperimentId=366, Column_nr=47627389, Column_type=ascentis express c18, Column_length=15cm}",1
2023-03-08 03:12:49.000 UTC,2023-03-08,2023-03,Heist\Tetrascience\Atozet_AS_DEG_Ezetimibe,Waters62,HEI 2023 5984,OG0653C_Assay_Ezetimibe,,,Degradate atorvastatin 5,demeutte,,,5dd3c2dc-c678-46c3-b5ad-3d871671a04d,False,c27a0d9f-b089-5fa9-a445-2f27153e4cc9,W2489 ChA,,,,,,,,18.78,,,,,,,,,,"{ATTRIBUTE_15=0.00000000, Corr_Factor_Weight_Sample=1.0000000000, Volume_Sample_Solution=500.000000, Proc_Degr_Ref_Est_0=0.00000000, Column_temp=RT}",Empower,0001591297 inj. 2,Unknown,35.0,Empower,1073,Waters62,demeutte,15.0,,,0001591297 inj. 2,Unknown,HEI 2023 5984,OG0653C_Assay_Ezetimibe,2023-03-08 03:12:49.000 UTC,2023-03-08,2023-03,35.0,Heist\Tetrascience\Atozet_AS_DEG_Ezetimibe,2,"{Corr_Factor_Weight_Sample=1.0000000000, Volume_Sample_Solution=500.000000, Column_temp=RT}",1
2024-06-24 11:26:51.000 UTC,2024-06-24,2024-06,Heist\Tetrascience\Atozet_As_DEG_Atorvastatin_new,Waters68,HEI_2024_3333,OG0653C_Assay_Atorvastatin,,,Dihydroxy epoxide,demeutte,,,e64e9707-b94c-44c7-a50c-bc3f1303b7f0,False,40863923-4f5e-5e18-acab-7fa0a323c674,W2489 ChA,19.917,20.275,,,3049.0,0.06,,20.108,,,,,,,,,,"{Corrected_Area_Founds=3049.4951, ATTRIBUTE_15=0.00000000, Column_ID=4.6mm, Column_temp=35°C, Final_Proc_Degr_Ref_Est=ND, Proc_Degr_Ref_Est_0=0.00000000, Column_nr=FZ, Column_type=ascentis express c18, Corrected_Area_All=3049.4951, LabwareFileId=f3491c0e-602a-4d32-be77-5e4d728b6d92, Column_length=15cm}",Empower,Combined SS,Unknown,35.0,Empower,1526,Waters68,demeutte,15.0,,,Combined SS,Unknown,HEI_2024_3333,OG0653C_Assay_Atorvastatin,2024-06-24 11:26:51.000 UTC,2024-06-24,2024-06,35.0,Heist\Tetrascience\Atozet_As_DEG_Atorvastatin_new,1,"{Column_ID=4.6mm, Column_temp=35°C, Column_nr=FZ, Column_type=ascentis express c18, LabwareFileId=f3491c0e-602a-4d32-be77-5e4d728b6d92, Column_length=15cm}",3
2024-06-25 11:27:33.000 UTC,2024-06-25,2024-06,Heist\Tetrascience\Atozet_As_DEG_Atorvastatin_new,Waters68,HEI_2024_1234,OG0653C_Assay_Atorvastatin,,,Atorvastatin,demeutte,,,1c7e45e1-0945-4b31-bec0-3d30f8d2ff2b,False,b9964007-8451-592e-a3e0-5858699ddf74,W2489 ChA,9.592,11.225,90.27,37.924,1880417.0,36.97,2.750259,10.027,1029.003838,1.007849,,,0.3413263,,0.1541596,,,"{Corrected_Area_Founds=1880416.9908, ATTRIBUTE_15=94.81009915, LimsSampleId=7743902, Corr_Factor_Weight_Sample=1.0000000000, Column_ID=4.6mm, Proc_Degr_Ref_Est=94.81009915, Final_Proc_Degr_Ref_Est=94.81009915, Column_nr=FZ, Column_type=ascentis express c18, Corrected_Area_All=1880416.9908, Column_length=15cm, Volume_Sample_Solution=104.160000, Corr_Amount_Weight_Sample=37.92403966, Column_temp=35°C, LimsTestId=14473938, Assay_unit=mg/tab, Proc_Degr_Ref_Est_0=94.81009915, LabwareFileId=68340e09-880e-4f92-b2aa-4044e8b75dd2}",Empower,7743902,Unknown,35.0,Empower,1621,Waters68,demeutte,15.0,,,7743902,Unknown,HEI_2024_1234,OG0653C_Assay_Atorvastatin,2024-06-25 11:27:33.000 UTC,2024-06-25,2024-06,35.0,Heist\Tetrascience\Atozet_As_DEG_Atorvastatin_new,1,"{LimsSampleId=7743902, Corr_Factor_Weight_Sample=1.0000000000, Volume_Sample_Solution=104.160000, Column_ID=4.6mm, Column_temp=35°C, LimsTestId=14473938, Assay_unit=mg/tab, Column_nr=FZ, Column_type=ascentis express c18, LabwareFileId=68340e09-880e-4f92-b2aa-4044e8b75dd2, Column_length=15cm}",2
2024-06-25 11:27:33.000 UTC,2024-06-25,2024-06,Heist\Tetrascience\Atozet_As_DEG_Atorvastatin_new,Waters68,HEI_2024_1234,OG0653C_Assay_Atorvastatin,,,RRT 0.86 (Desfluoro-imp Atov),demeutte,,,1c7e45e1-0945-4b31-bec0-3d30f8d2ff2b,False,b9964007-8451-592e-a3e0-5858699ddf74,W2489 ChA,8.883,9.4,,,4766.0,0.09,1.622198,9.161,1.982594,0.8797996,,,0.3909858,,0.2173181,,,"{ATTRIBUTE_15=0.00000000, Corrected_Area_Founds=4765.5583, LimsSampleId=7743902, Corr_Factor_Weight_Sample=1.0000000000, Column_ID=4.6mm, Column_nr=FZ, Column_type=ascentis express c18, Corrected_Area_All=4765.5583, Column_length=15cm, Volume_Sample_Solution=104.160000, Column_temp=35°C, LimsTestId=14473938, Assay_unit=mg/tab, Proc_Degr_Ref_Est_0=0.00000000, LabwareFileId=68340e09-880e-4f92-b2aa-4044e8b75dd2}",Empower,7743902,Unknown,35.0,Empower,1621,Waters68,demeutte,15.0,,,7743902,Unknown,HEI_2024_1234,OG0653C_Assay_Atorvastatin,2024-06-25 11:27:33.000 UTC,2024-06-25,2024-06,35.0,Heist\Tetrascience\Atozet_As_DEG_Atorvastatin_new,1,"{LimsSampleId=7743902, Corr_Factor_Weight_Sample=1.0000000000, Volume_Sample_Solution=104.160000, Column_ID=4.6mm, Column_temp=35°C, LimsTestId=14473938, Assay_unit=mg/tab, Column_nr=FZ, Column_type=ascentis express c18, LabwareFileId=68340e09-880e-4f92-b2aa-4044e8b75dd2, Column_length=15cm}",2
2024-06-20 13:00:07.000 UTC,2024-06-20,2024-06,Heist\Tetrascience\Atozet_As_DEG_Atorvastatin_new,Waters68,HEIST_2024_ZZZZ,OG0653C_Assay_Atorvastatin,,,RRT 1.91,vancaelk,,,d4907f41-25d5-4d6f-8046-4f8e4c203f6a,False,3c6b31fc-12f4-5701-9fb3-310439fd811c,W2489 ChA,,,,,,,,19.009,,,,,,,,,,,Empower,Ref,Standard,35.0,Empower,1402,Waters68,vancaelk,15.0,,,Ref,Standard,HEIST_2024_ZZZZ,OG0653C_Assay_Atorvastatin,2024-06-20 13:00:07.000 UTC,2024-06-20,2024-06,35.0,Heist\Tetrascience\Atozet_As_DEG_Atorvastatin_new,2,"{LimsSampleId=7742782, Column_ID=4.6mm, Column_temp=35°C, LimsTestId=14472588, Column_nr=FZ, Column_type=ascentis express c18, LabwareFileId=63af622c-86d2-436c-bb85-58ee51d4b08d, Column_length=15cm}",9
2025-06-10 16:44:50.000 UTC,2025-06-10,2025-06,Heist\2025_Q2\HPLC\Atozet\OG0653C_As_Atorva_Degr,Waters68,366,OG0653C_Assay_Atorvastatin,,,,demeutte,,,6dbba32f-c749-4ab9-b07e-febbc4246ccc,False,0aad1e29-224a-5a10-a898-c016c69775c1,W2489 ChA,10.067,10.4,,,186.0,13.41,,10.218,,,,,,,,,,"{ATTRIBUTE_15=0.00000000, Column_ID=4.6mm, Column_temp=35°C, ExperimentId=366, Final_Proc_Degr_Ref_Est=ND, Proc_Degr_Ref_Est_0=0.00000000, Column_nr=47627389, Column_type=ascentis express c18, Corrected_Area_All=186.3557, Column_length=15cm}",Empower,DIluent A,Unknown,35.0,Empower,1072,Waters68,demeutte,15.0,,,DIluent A,Unknown,366,OG0653C_Assay_Atorvastatin,2025-06-10 16:44:50.000 UTC,2025-06-10,2025-06,35.0,Heist\2025_Q2\HPLC\Atozet\OG0653C_As_Atorva_Degr,1,"{Column_ID=4.6mm, Column_temp=35°C, ExperimentId=366, Column_nr=47627389, Column_type=ascentis express c18, Column_length=15cm}",2
2025-06-11 04:07:22.000 UTC,2025-06-11,2025-06,Heist\2025_Q2\HPLC\Atozet\OG0653C_As_Atorva_Degr,Waters68,366,OG0653C_Assay_Atorvastatin,,,Oxo-Atorvastatin,demeutte,,,d2537445-b657-4bb5-8fc6-dbd52081f6e7,False,f0b7fe0c-2e48-5cae-8686-090085463abf,W2489 ChA,9.258,9.833,0.18,0.01,3643.0,0.07,1.562955,9.561,4.195259,,,,,,0.2187613,,,"{ATTRIBUTE_15=0.19535361, Corrected_Area_Founds=3642.5751, Corr_Factor_Weight_Sample=1.0000000000, Column_ID=4.6mm, Identification=CONFORMS, Final_Proc_Degr_Ref_Est=0.19535361, Identification_MIN=-0.432, Column_type=ascentis express c18, Corrected_Area_All=3642.5751, Column_length=15cm, Volume_Sample_Solution=104.000000, Corr_Amount_Weight_Sample=0.00976768, Column_temp=35°C, Identification_MAX=-0.432, Assay_unit=mg/tab, Sampleinformation=REP2, LimsSampleId=47627390, Proc_Degr_Ref_Est=0.19535361, Identification_Procent=-0.0677858153, sample_pk=Identification Assay & Degradates (HPLC) - Atorvastatin_366_47627390_RPL2, Column_nr=47627389, ExperimentId=366, file_id=af44fdc6-1bd2-4f51-b7de-a0d7240d5b4e, LimsTestId=86442230, Proc_Degr_Ref_Est_0=0.19535361}",Empower,TULIP_TEST,Unknown,35.0,Empower,1250,Waters68,demeutte,15.0,,,TULIP_TEST,Unknown,366,OG0653C_Assay_Atorvastatin,2025-06-11 04:07:22.000 UTC,2025-06-11,2025-06,35.0,Heist\2025_Q2\HPLC\Atozet\OG0653C_As_Atorva_Degr,1,"{LimsSampleId=47627390, Corr_Factor_Weight_Sample=1.0000000000, Column_ID=4.6mm, sample_pk=Identification Assay & Degradates (HPLC) - Atorvastatin_366_47627390_RPL2, Column_nr=47627389, Column_type=ascentis express c18, Column_length=15cm, Volume_Sample_Solution=104.000000, Column_temp=35°C, ExperimentId=366, file_id=af44fdc6-1bd2-4f51-b7de-a0d7240d5b4e, LimsTestId=86442230, Assay_unit=mg/tab, Sampleinformation=REP2}",2
2025-06-10 18:32:36.000 UTC,2025-06-10,2025-06,Heist\2025_Q2\HPLC\Atozet\OG0653C_As_Atorva_Degr,Waters68,366,OG0653C_Assay_Atorvastatin,,,Atorvastatin,demeutte,,,d68b193b-d44a-40b9-bb25-29e3baf8e3c2,False,d7ecb64a-5dcd-5508-935d-8c8967d5fbdc,W2489 ChA,10.108,11.992,,,3959457.0,99.11,2.841593,10.548,1839.215357,1.197615,,,0.3719991,,0.1676693,,,"{ATTRIBUTE_15=0.00000000, Corrected_Area_Founds=3959457.3897, Column_ID=4.6mm, Identification_Procent=-0.4707261657, Final_Proc_Degr_Ref_Est=ND, Identification=CONFORMS, Identification_MIN=-0.471, Column_nr=47627389, Column_type=ascentis express c18, Corrected_Area_All=3959457.3897, Proc_Diff_Check=0.15, Column_length=15cm, Column_temp=35°C, ExperimentId=366, Identification_MAX=-0.471, Proc_Degr_Ref_Est_0=0.00000000}",Empower,Working Ox deg sol,Unknown,35.0,Empower,1081,Waters68,demeutte,15.0,,,Working Ox deg sol,Unknown,366,OG0653C_Assay_Atorvastatin,2025-06-10 18:32:36.000 UTC,2025-06-10,2025-06,35.0,Heist\2025_Q2\HPLC\Atozet\OG0653C_As_Atorva_Degr,1,"{Column_ID=4.6mm, Column_temp=35°C, ExperimentId=366, Column_nr=47627389, Column_type=ascentis express c18, Column_length=15cm}",1
2025-06-11 02:19:34.000 UTC,2025-06-11,2025-06,Heist\2025_Q2\HPLC\Atozet\OG0653C_As_Atorva_Degr,Waters68,366,OG0653C_Assay_Atorvastatin,,,Diketo Epoxide,demeutte,,,9e213073-2c6e-42d5-9ef3-f4b7f896c352,False,4be4aa50-c07b-5a81-b457-4968a7d4a6c8,W2489 ChA,,,,,,,,23.795,,,,,,,,,,"{ATTRIBUTE_15=0.00000000, LimsSampleId=47627506, Corr_Factor_Weight_Sample=1.0000000000, Column_ID=4.6mm, sample_pk=Identification Assay & Degradates (HPLC) - Atorvastatin_366_47627506_RPL1, Final_Proc_Degr_Ref_Est=ND, Column_nr=47627389, Column_type=ascentis express c18, Column_length=15cm, Volume_Sample_Solution=104.000000, Column_temp=35°C, ExperimentId=366, file_id=af44fdc6-1bd2-4f51-b7de-a0d7240d5b4e, LimsTestId=86442618, Assay_unit=mg/tab, Proc_Degr_Ref_Est_0=0.00000000, Sampleinformation=REP1}",Empower,TULIP_SIT_4,Unknown,35.0,Empower,1241,Waters68,demeutte,15.0,,,TULIP_SIT_4,Unknown,366,OG0653C_Assay_Atorvastatin,2025-06-11 02:19:34.000 UTC,2025-06-11,2025-06,35.0,Heist\2025_Q2\HPLC\Atozet\OG0653C_As_Atorva_Degr,1,"{LimsSampleId=47627506, Corr_Factor_Weight_Sample=1.0000000000, Column_ID=4.6mm, sample_pk=Identification Assay & Degradates (HPLC) - Atorvastatin_366_47627506_RPL1, Column_nr=47627389, Column_type=ascentis express c18, Column_length=15cm, Volume_Sample_Solution=104.000000, Column_temp=35°C, ExperimentId=366, file_id=af44fdc6-1bd2-4f51-b7de-a0d7240d5b4e, LimsTestId=86442618, Assay_unit=mg/tab, Sampleinformation=REP1}",1
2025-06-10 22:08:09.000 UTC,2025-06-11,2025-06,Heist\2025_Q2\HPLC\Atozet\OG0653C_As_Atorva_Degr,Waters68,366,OG0653C_Assay_Atorvastatin,,,Hydroxyl isopropyl epoxide,demeutte,,,2a070bf4-82fd-4bc9-92d7-be40d1881ac0,False,41d58219-2521-5a59-81e4-d191e042e885,W2489 ChA,18.667,19.333,,,3137.0,0.09,,18.853,,,,,,,,,,"{Corrected_Area_Founds=3137.4674, LimsSampleId=7786902, Column_ID=4.6mm, Identification_Procent=0.0727648401, Proc_RSD_References=2.300, Identification=CONFORMS, Identification_MIN=0.073, Column_nr=47627389, Column_type=ascentis express c18, Corrected_Area_All=3137.4674, Column_length=15cm, Column_temp=35°C, ExperimentId=366, LimsTestId=14527279, Identification_MAX=0.073}",Empower,STD,Standard,35.0,Empower,1099,Waters68,demeutte,15.0,,,STD,Standard,366,OG0653C_Assay_Atorvastatin,2025-06-10 22:08:09.000 UTC,2025-06-10,2025-06,35.0,Heist\2025_Q2\HPLC\Atozet\OG0653C_As_Atorva_Degr,1,"{LimsSampleId=7786902, Column_ID=4.6mm, Column_temp=35°C, ExperimentId=366, LimsTestId=14527279, Column_nr=47627389, Column_type=ascentis express c18, Column_length=15cm}",4
2025-06-10 23:55:48.000 UTC,2025-06-11,2025-06,Heist\2025_Q2\HPLC\Atozet\OG0653C_As_Atorva_Degr,Waters68,366,OG0653C_Assay_Atorvastatin,,,Atorvastatin Lactone,demeutte,,,ec93b4ff-c372-4b39-8823-68a3dd59a80d,False,b451fe5a-7666-5e75-a38c-1e5cd6af74cb,W2489 ChA,16.517,16.892,0.12,0.026,4567.0,0.12,,16.747,,,,,,,,,,"{Corrected_Area_Founds=4567.3371, LimsSampleId=7786902, Column_ID=4.6mm, Identification_Procent=0.1522217228, Identification=CONFORMS, Identification_MIN=-0.004, Column_nr=47627389, Column_type=ascentis express c18, Corrected_Area_All=4567.3371, Column_length=15cm, Column_temp=35°C, ExperimentId=366, LimsTestId=14527279, Identification_MAX=-0.004}",Empower,CHECK,Control,35.0,Empower,1107,Waters68,demeutte,15.0,,,CHECK,Control,366,OG0653C_Assay_Atorvastatin,2025-06-10 23:55:48.000 UTC,2025-06-10,2025-06,35.0,Heist\2025_Q2\HPLC\Atozet\OG0653C_As_Atorva_Degr,1,"{LimsSampleId=7786902, Column_ID=4.6mm, Column_temp=35°C, ExperimentId=366, LimsTestId=14527279, Column_nr=47627389, Column_type=ascentis express c18, Column_length=15cm}",2
2025-06-10 15:33:01.000 UTC,2025-06-10,2025-06,Heist\2025_Q2\HPLC\Atozet\OG0653C_As_Atorva_Degr,Waters68,366,OG0653C_Assay_Atorvastatin,,,,demeutte,,,4fba57ea-1661-459e-9734-2010eef76000,False,ca53be45-2d36-5edd-917e-8ca3a10b3e0b,W2489 ChA,3.492,3.942,,,1900.0,1.86,,3.615,,,,,,,,,,"{ATTRIBUTE_15=0.00000000, Column_ID=4.6mm, Column_temp=35°C, ExperimentId=366, Final_Proc_Degr_Ref_Est=ND, Proc_Degr_Ref_Est_0=0.00000000, Column_nr=47627389, Column_type=ascentis express c18, Corrected_Area_All=1900.3707, Column_length=15cm}",Empower,Diluent A,Unknown,35.0,Empower,1066,Waters68,demeutte,15.0,,,Diluent A,Unknown,366,OG0653C_Assay_Atorvastatin,2025-06-10 15:33:01.000 UTC,2025-06-10,2025-06,35.0,Heist\2025_Q2\HPLC\Atozet\OG0653C_As_Atorva_Degr,1,"{Column_ID=4.6mm, Column_temp=35°C, ExperimentId=366, Column_nr=47627389, Column_type=ascentis express c18, Column_length=15cm}",1
2025-06-10 15:33:01.000 UTC,2025-06-10,2025-06,Heist\2025_Q2\HPLC\Atozet\OG0653C_As_Atorva_Degr,Waters68,366,OG0653C_Assay_Atorvastatin,,,,demeutte,,,4fba57ea-1661-459e-9734-2010eef76000,False,ca53be45-2d36-5edd-917e-8ca3a10b3e0b,W2489 ChA,21.142,21.658,,,1908.0,1.87,,21.347,,,,,,,,,,"{ATTRIBUTE_15=0.00000000, Column_ID=4.6mm, Column_temp=35°C, ExperimentId=366, Final_Proc_Degr_Ref_Est=ND, Proc_Degr_Ref_Est_0=0.00000000, Column_nr=47627389, Column_type=ascentis express c18, Corrected_Area_All=1908.2653, Column_length=15cm}",Empower,Diluent A,Unknown,35.0,Empower,1066,Waters68,demeutte,15.0,,,Diluent A,Unknown,366,OG0653C_Assay_Atorvastatin,2025-06-10 15:33:01.000 UTC,2025-06-10,2025-06,35.0,Heist\2025_Q2\HPLC\Atozet\OG0653C_As_Atorva_Degr,1,"{Column_ID=4.6mm, Column_temp=35°C, ExperimentId=366, Column_nr=47627389, Column_type=ascentis express c18, Column_length=15cm}",1
2023-08-31 03:31:41.000 UTC,2023-08-31,2023-08,N/A (Chromeleon),CRONUS,iec_quant_test_1,iec_quant_method_v2,,,bromide,cmadmin,,,d870ecc9-01e1-46a8-86ff-44b76ba4dcfa,False,79f84bf5-f647-e33c-3127-6f8153a0c6cb,CD_2_Total,1.67,1.856666666666667,,,0.0354048605552748,11.21497214396869,1.4475037544401117,1.7533333333333334,213.01979582660024,,,,,,,,,,Chromeleon,IEC_method_cal_14,Unknown,4.5,Chromeleon,IEC_method_cal_14:14.0,CRONUS,cmadmin,20.0,,,IEC_method_cal_14,Unknown,iec_quant_test_1,iec_quant_method_v2,2023-08-31 03:31:41.000 UTC,2023-08-31,2023-08,4.5,N/A (Chromeleon),4,,1
2023-08-31 03:31:41.000 UTC,2023-08-31,2023-08,N/A (Chromeleon),CRONUS,iec_quant_test_1,iec_quant_method_v2,,,nitrate,cmadmin,,,d870ecc9-01e1-46a8-86ff-44b76ba4dcfa,False,79f84bf5-f647-e33c-3127-6f8153a0c6cb,CD_2_Total,1.4300000000000002,1.67,,,0.0481450806858766,15.25061051767899,2.106057094895202,1.5100000000000002,301.68818137317743,,,,,,,,,,Chromeleon,IEC_method_cal_14,Unknown,4.5,Chromeleon,IEC_method_cal_14:14.0,CRONUS,cmadmin,20.0,,,IEC_method_cal_14,Unknown,iec_quant_test_1,iec_quant_method_v2,2023-08-31 03:31:41.000 UTC,2023-08-31,2023-08,4.5,N/A (Chromeleon),4,,1
2023-08-31 03:31:41.000 UTC,2023-08-31,2023-08,N/A (Chromeleon),CRONUS,iec_quant_test_1,iec_quant_method_v2,,,chloride,cmadmin,,,d870ecc9-01e1-46a8-86ff-44b76ba4dcfa,False,79f84bf5-f647-e33c-3127-6f8153a0c6cb,CD_2_Total,1.2033333333333334,1.4300000000000002,,,0.0270094404534181,8.555608398354135,2.093570981165416,1.2933333333333334,196.49800188587304,,,,,,,,,,Chromeleon,IEC_method_cal_14,Unknown,4.5,Chromeleon,IEC_method_cal_14:14.0,CRONUS,cmadmin,20.0,,,IEC_method_cal_14,Unknown,iec_quant_test_1,iec_quant_method_v2,2023-08-31 03:31:41.000 UTC,2023-08-31,2023-08,4.5,N/A (Chromeleon),4,,1
2023-08-31 03:31:41.000 UTC,2023-08-31,2023-08,N/A (Chromeleon),CRONUS,iec_quant_test_1,iec_quant_method_v2,,,fluoride,cmadmin,,,d870ecc9-01e1-46a8-86ff-44b76ba4dcfa,False,79f84bf5-f647-e33c-3127-6f8153a0c6cb,CD_2_Total,0.8733333333333333,1.1666666666666667,,,0.026844782655177,8.50345079649949,3.629422285409917,0.95,196.77335452683343,,,,,,,,,,Chromeleon,IEC_method_cal_14,Unknown,4.5,Chromeleon,IEC_method_cal_14:14.0,CRONUS,cmadmin,20.0,,,IEC_method_cal_14,Unknown,iec_quant_test_1,iec_quant_method_v2,2023-08-31 03:31:41.000 UTC,2023-08-31,2023-08,4.5,N/A (Chromeleon),4,,1
2025-09-03 03:12:42.000 UTC,2025-09-03,2025-09,Heist\2025_Q3\HPLC\Atozet\OG0653C_As_Atorva_Degr,Waters68,860,OG0653C_Assay_Atorvastatin,,,Atorvastatin,demeutte,,,29d1f816-36dd-4e8b-a9e8-e9b56bf02f97,False,fc520113-f6d6-5a87-b976-08312b008e4d,W2489 ChA,,,,,,,,10.504,,,,,,,,,,"{ATTRIBUTE_15=0.00000000, LimsSampleId=7813947, Corr_Factor_Weight_Sample=1.0000000000, Column_ID=4.6mm, sample_pk=Identification Assay & Degradates (HPLC) - Atorvastatin_860_7813947_RPL1, Final_Proc_Degr_Ref_Est=ND, Column_nr=7785779, Column_type=ascentis express c18, Column_length=15cm, Volume_Sample_Solution=208.330000, Column_temp=35°C, ExperimentId=860, file_id=22f68537-18ed-44ab-8a5c-a95796822ce8, LimsTestId=14562310, Assay_unit=mg/tab, Proc_Degr_Ref_Est_0=0.00000000, Sampleinformation=REP1}",Empower,0012556,Unknown,35.0,Empower,2175,Waters68,demeutte,15.0,,,0012556,Unknown,860,OG0653C_Assay_Atorvastatin,2025-09-03 03:12:42.000 UTC,2025-09-03,2025-09,35.0,Heist\2025_Q3\HPLC\Atozet\OG0653C_As_Atorva_Degr,1,"{LimsSampleId=7813947, Corr_Factor_Weight_Sample=1.0000000000, Column_ID=4.6mm, sample_pk=Identification Assay & Degradates (HPLC) - Atorvastatin_860_7813947_RPL1, Column_nr=7785779, Column_type=ascentis express c18, Column_length=15cm, Volume_Sample_Solution=208.330000, Column_temp=35°C, ExperimentId=860, file_id=22f68537-18ed-44ab-8a5c-a95796822ce8, LimsTestId=14562310, Assay_unit=mg/tab, Sampleinformation=REP1}",1
2025-09-03 00:48:57.000 UTC,2025-09-03,2025-09,Heist\2025_Q3\HPLC\Atozet\OG0653C_As_Atorva_Degr,Waters68,860,OG0653C_Assay_Atorvastatin,,,RRT 0.86 (Desfluoro-imp Atov),demeutte,,,4d3baf28-c885-41c0-91e9-81ee04ed8569,False,514ad9bf-45b5-5d00-95bb-0c06dd970a33,W2489 ChA,8.742,9.158,,,1705.0,0.02,4.296087,8.999,0.24734,,,,,,0.1983813,,,"{Corrected_Area_Founds=1704.9627, ATTRIBUTE_15=0.00000000, LimsSampleId=7813948, Corr_Factor_Weight_Sample=1.0000000000, Column_ID=4.6mm, Identification_Procent=0.1289015602, sample_pk=Identification Assay & Degradates (HPLC) - Atorvastatin_860_7813948_RPL1, Identification=CONFORMS, Identification_MIN=0.890, Column_nr=7785779, Column_type=ascentis express c18, Corrected_Area_All=1704.9627, Column_length=15cm, Volume_Sample_Solution=414.160000, Column_temp=35°C, ExperimentId=860, file_id=22f68537-18ed-44ab-8a5c-a95796822ce8, LimsTestId=14562325, Identification_MAX=1.109, Assay_unit=mg/tab, Proc_Degr_Ref_Est_0=0.00000000, Sampleinformation=REP1}",Empower,00012345,Unknown,35.0,Empower,2163,Waters68,demeutte,15.0,,,00012345,Unknown,860,OG0653C_Assay_Atorvastatin,2025-09-03 00:48:57.000 UTC,2025-09-03,2025-09,35.0,Heist\2025_Q3\HPLC\Atozet\OG0653C_As_Atorva_Degr,1,"{LimsSampleId=7813948, Corr_Factor_Weight_Sample=1.0000000000, Column_ID=4.6mm, sample_pk=Identification Assay & Degradates (HPLC) - Atorvastatin_860_7813948_RPL1, Column_nr=7785779, Column_type=ascentis express c18, Column_length=15cm, Volume_Sample_Solution=414.160000, Column_temp=35°C, ExperimentId=860, file_id=22f68537-18ed-44ab-8a5c-a95796822ce8, LimsTestId=14562325, Assay_unit=mg/tab, Sampleinformation=REP1}",1
2025-09-09 01:19:11.000 UTC,2025-09-09,2025-09,Heist\2025_Q3\HPLC\Atozet\OG0653C_As_Atorva_Degr,Waters68,992,OG0653C_Assay_Atorvastatin,,,Diepoxy epoxide,demeutte,,,4dc40555-054c-4340-b1f2-8120167a652c,False,49f2edb5-b7a6-5287-ad8b-9ac6489f38f8,W2489 ChA,18.058,18.475,0.03,0.013,2510.0,0.02,,18.209,,,,,,,,,,"{ATTRIBUTE_15=1.36846929, Corrected_Area_Founds=2509.6092, LimsSampleId=7814754, Corr_Factor_Weight_Sample=1.0000000000, Column_ID=4.6mm, Proc_Degr_Ref_Est=1.36846929, sample_pk=Identification Assay & Degradates (HPLC) - Atorvastatin_992_7814754_RPL1, Final_Proc_Degr_Ref_Est=1.36846929, Identification_MIN=-2.943, Column_nr=7792593, Column_type=ascentis express c18, Corrected_Area_All=2509.6092, Column_length=15cm, Volume_Sample_Solution=208.330000, Corr_Amount_Weight_Sample=0.01258992, Column_temp=35°C, ExperimentId=992, file_id=b34d2ca0-481f-44f5-9121-a89a8c165142, LimsTestId=14564405, Identification_MAX=1.137, Assay_unit=mg/tab, Proc_Degr_Ref_Est_0=1.36846929, Sampleinformation=REP1}",Empower,TEST_3051,Unknown,35.0,Empower,2450,Waters68,demeutte,15.0,,,TEST_3051,Unknown,992,OG0653C_Assay_Atorvastatin,2025-09-09 01:19:11.000 UTC,2025-09-09,2025-09,35.0,Heist\2025_Q3\HPLC\Atozet\OG0653C_As_Atorva_Degr,1,"{LimsSampleId=7814754, Corr_Factor_Weight_Sample=1.0000000000, Column_ID=4.6mm, sample_pk=Identification Assay & Degradates (HPLC) - Atorvastatin_992_7814754_RPL1, Column_nr=7792593, Column_type=ascentis express c18, Column_length=15cm, Volume_Sample_Solution=208.330000, Column_temp=35°C, ExperimentId=992, file_id=b34d2ca0-481f-44f5-9121-a89a8c165142, LimsTestId=14564405, Assay_unit=mg/tab, Sampleinformation=REP1}",1
2023-02-28 22:23:58.000 UTC,2023-02-28,2023-02,Heist\Tetrascience\Atozet_AS_DEG_Atorvastatin,Waters62,HEI_2023_5089,OG0653C_Assay_Atorvastatin,,,Atorvastatin,hclaes,,,e2a46173-05c0-42c9-b8c8-b3c70e829fb9,False,66e89b7a-ee7a-50c6-9566-4dc99f0ea4b0,W2489 ChA,10.042,11.9,99.62,10.075,3570689.0,52.38,2.643282,10.541,3126.113971,1.193033,,,0.3905534,,0.1876967,,,"{ATTRIBUTE_15=100.75081787, Corrected_Area_Founds=3570688.5082, LimsSampleId=7742785, Corr_Factor_Weight_Sample=1.0000000000, Column_ID=4.6mm, Proc_Degr_Ref_Est=100.75081787, Final_Proc_Degr_Ref_Est=100.75081787, Column_nr=FZ 1, Column_type=ascentis express c18, Corrected_Area_All=3570688.5082, Proc_Diff_Check=0.16, Column_length=15cm, Volume_Sample_Solution=104.160000, Corr_Amount_Weight_Sample=10.07508179, Column_temp=35°C, LimsTestId=14472619, Assay_unit=%, Proc_Degr_Ref_Est_0=100.75081787}",Empower,0001591299 10-10,Unknown,35.0,Empower,1084,Waters62,hclaes,15.0,,,0001591299 10-10,Unknown,HEI_2023_5089,OG0653C_Assay_Atorvastatin,2023-02-28 22:23:58.000 UTC,2023-02-28,2023-02,35.0,Heist\Tetrascience\Atozet_AS_DEG_Atorvastatin,2,"{LimsSampleId=7742785, Corr_Factor_Weight_Sample=1.0000000000, Volume_Sample_Solution=104.160000, Column_ID=4.6mm, Column_temp=35°C, LimsTestId=14472619, Assay_unit=%, Column_nr=FZ 1, Column_type=ascentis express c18, Column_length=15cm}",2
2025-08-11 23:48:16.000 UTC,2025-08-12,2025-08,Heist\2025_Q3\HPLC\Atozet\OG0653C_As_Atorva_Degr,Waters68,608,OG0653C_Assay_Atorvastatin,,,RRT 1.91,mees,,,4fce12ed-d73d-42c1-910c-ca1dd41373af,False,dec815f6-2736-5411-891f-ce8bc00646ed,W2489 ChA,,,,,,,,19.572,,,,,,,,,,,Empower,CHECK,Control,35.0,Empower,1483,Waters68,mees,15.0,,,CHECK,Control,608,OG0653C_Assay_Atorvastatin,2025-08-11 23:48:16.000 UTC,2025-08-11,2025-08,35.0,Heist\2025_Q3\HPLC\Atozet\OG0653C_As_Atorva_Degr,1,"{LimsSampleId=7786902, Column_ID=4.6mm, Column_temp=35°C, ExperimentId=608, LimsTestId=14527279, Column_nr=7796323, Column_type=ascentis express c18, Column_length=15cm}",2
2023-02-28 12:34:19.000 UTC,2023-02-28,2023-02,Heist\Tetrascience\Atozet_AS_DEG_Atorvastatin,Waters62,HEIST_2024_ZZZZ,OG0653C_Assay_Atorvastatin,,,Atorvastatin,hclaes,,,52191a69-e23c-4452-93b1-95bc5dcd600c,False,4a444bef-5940-5547-879f-3ca6463f2834,W2489 ChA,,,,,,,,10.526,,,,,,,,,,"{ATTRIBUTE_15=0.00000000, Column_ID=4.6mm, Column_temp=35°C, Final_Proc_Degr_Ref_Est=ND, Proc_Degr_Ref_Est_0=0.00000000, Column_nr=FZ 1, Column_type=ascentis express c18, Column_length=15cm}",Empower,Diluent A,Unknown,35.0,Empower,1037,Waters62,hclaes,15.0,,,Diluent A,Unknown,HEIST_2024_ZZZZ,OG0653C_Assay_Atorvastatin,2023-02-28 12:34:19.000 UTC,2023-02-28,2023-02,35.0,Heist\Tetrascience\Atozet_AS_DEG_Atorvastatin,3,"{Column_ID=4.6mm, Column_nr=FZ 1, Column_type=ascentis express c18, Column_temp=35°C, Column_length=15cm}",5
2023-02-28 16:15:25.000 UTC,2023-02-28,2023-02,Heist\Tetrascience\Atozet_As_DEG_Atorvastatin_new,Waters62,HEI_2023_5089,OG0653C_Assay_Atorvastatin,,,Diepoxy epoxide,hclaes,,,02a5be0a-7786-43dd-8df8-7769cf0c2fdd,False,cc42961f-b47a-510c-a7a2-c1b3cb398d29,W2489 ChA,,,,,,,,18.12,,,,,,,,,,,Empower,Ref,Standard,35.0,Empower,1100,Waters62,hclaes,15.0,,,Ref,Standard,HEI_2023_5089,OG0653C_Assay_Atorvastatin,2023-02-28 16:15:25.000 UTC,2023-02-28,2023-02,35.0,Heist\Tetrascience\Atozet_As_DEG_Atorvastatin_new,3,"{Column_ID=4.6mm, Column_nr=FZ 1, Column_type=ascentis express c18, Column_temp=35°C, Column_length=15cm}",1
2025-04-01 13:13:38.000 UTC,2025-04-01,2025-04,Heist\2025_Q2\HPLC\Atozet\OG0421_Renitec_As_Enalapr_Degr,Waters47_PDA,HEI_2025_7126,OG0421_Assay_Enalapril_PDA,,,Enalapril Maleate,hmeys,,,93eba9d9-da37-49ba-b774-17fe4f28564f,False,52771934-fe29-589f-80cc-39b3334a3b51,2998 Ch1 215nm@1.2nm,4.3,6.317,100.0,0.196,5549755.0,42.56,8.4757,4.84,16709.435296,1.38352,,,0.6059783,,0.2711644,,,"{Corrected_Area_Founds=5549754.5845, Volume_Sample_Solution=0.000000, Column_ID=4.6 mm, Column_temp=50°C, Content_Water_In_Sample=0.000000000, Column_nr=HE 1, Column_type=Platinum EPS C8, Corrected_Area_All=5549754.5845, Column_length=25 cm }",Empower,Working STD Sol,Standard,10.0,Empower,1761,Waters47_PDA,hmeys,50.0,,,Working STD Sol,Standard,HEI_2025_7126,OG0421_Assay_Enalapril_PDA,2025-04-01 13:13:38.000 UTC,2025-04-01,2025-04,10.0,Heist\2025_Q2\HPLC\Atozet\OG0421_Renitec_As_Enalapr_Degr,6,"{Volume_Sample_Solution=0.000000, Column_ID=4.6 mm, Column_temp=50°C, Content_Water_In_Sample=0.000000000, Column_nr=HE 1, Column_type=Platinum EPS C8, Column_length=25 cm }",2
2025-08-11 22:36:42.000 UTC,2025-08-12,2025-08,Heist\2025_Q3\HPLC\Atozet\OG0653C_As_Atorva_Degr,Waters68,608,OG0653C_Assay_Atorvastatin,,,Hydroxyl isopropyl epoxide,mees,,,fe31033b-5138-42f7-bc39-ab268a5910c9,False,9835fcf9-b485-531b-81b6-dd601e0271e7,W2489 ChA,18.642,19.075,,,2854.0,0.08,,18.884,,,,,,,,,,"{Corrected_Area_Founds=2854.2641, LimsSampleId=7786902, Column_ID=4.6mm, Identification_Procent=0.0284697230, Proc_RSD_References=3.282, Identification=CONFORMS, Identification_MIN=0.028, Column_nr=7796323, Column_type=ascentis express c18, Corrected_Area_All=2854.2641, Column_length=15cm, Column_temp=35°C, ExperimentId=608, LimsTestId=14527279, Identification_MAX=0.028}",Empower,STD,Standard,35.0,Empower,1459,Waters68,mees,15.0,,,STD,Standard,608,OG0653C_Assay_Atorvastatin,2025-08-11 22:36:42.000 UTC,2025-08-11,2025-08,35.0,Heist\2025_Q3\HPLC\Atozet\OG0653C_As_Atorva_Degr,1,"{LimsSampleId=7786902, Column_ID=4.6mm, Column_temp=35°C, ExperimentId=608, LimsTestId=14527279, Column_nr=7796323, Column_type=ascentis express c18, Column_length=15cm}",7
2025-08-29 11:04:07.000 UTC,2025-08-29,2025-08,Heist\2025_Q3\HPLC\Atozet\OG0653C_As_Atorva_Degr,Waters68,753,OG0653C_Assay_Atorvastatin,,,RRT 0.86 (Desfluoro-imp Atov),mees,,,84ce1d60-9857-4451-89ff-b72bde1c6f71,False,7d2efa12-dc68-50fb-8f3e-c1abe04c026e,W2489 ChA,,,,,,,,8.757,,,,,,,,,,"{ATTRIBUTE_15=0.00000000, LimsSampleId=7813183, Corr_Factor_Weight_Sample=1.0000000000, Column_ID=4.6mm, sample_pk=Identification Assay & Degradates (HPLC) - Atorvastatin_753_7813183_RPL2, Column_nr=7785779, Column_type=ascentis express c18, Column_length=15cm, Volume_Sample_Solution=823.330000, Column_temp=35°C, ExperimentId=753, file_id=1d30ab53-acee-4e68-b59b-557305902d04, LimsTestId=14560686, Assay_unit=mg/tab, Proc_Degr_Ref_Est_0=0.00000000, Sampleinformation=REP2}",Empower,789465464,Unknown,35.0,Empower,1902,Waters68,mees,15.0,,,789465464,Unknown,753,OG0653C_Assay_Atorvastatin,2025-08-29 11:04:07.000 UTC,2025-08-29,2025-08,35.0,Heist\2025_Q3\HPLC\Atozet\OG0653C_As_Atorva_Degr,1,"{LimsSampleId=7813183, Corr_Factor_Weight_Sample=1.0000000000, Column_ID=4.6mm, sample_pk=Identification Assay & Degradates (HPLC) - Atorvastatin_753_7813183_RPL2, Column_nr=7785779, Column_type=ascentis express c18, Column_length=15cm, Volume_Sample_Solution=823.330000, Column_temp=35°C, ExperimentId=753, file_id=1d30ab53-acee-4e68-b59b-557305902d04, LimsTestId=14560686, Assay_unit=mg/tab, Sampleinformation=REP2}",2
2023-02-28 13:48:03.000 UTC,2023-02-28,2023-02,Heist\Tetrascience\Atozet_As_DEG_Atorvastatin_new,Waters62,HEI_2023_5089,OG0653C_Assay_Atorvastatin,,,RRT 0.86 (Desfluoro-imp Atov),hclaes,,,3b2d7b1a-2984-4cbc-87f8-a2952abadd82,False,e7a33e75-e5cc-5451-9056-f1dbf8fc06b5,W2489 ChA,,,,,,,,9.083,,,,,,,,,,"{ATTRIBUTE_15=0.00000000, Column_ID=4.6mm, Column_temp=35°C, Proc_Degr_Ref_Est_0=0.00000000, Column_nr=FZ 1, Column_type=ascentis express c18, Column_length=15cm}",Empower,Lactone SS,Unknown,35.0,Empower,1088,Waters62,hclaes,15.0,,,Lactone SS,Unknown,HEI_2023_5089,OG0653C_Assay_Atorvastatin,2023-02-28 13:48:03.000 UTC,2023-02-28,2023-02,35.0,Heist\Tetrascience\Atozet_As_DEG_Atorvastatin_new,2,"{Column_ID=4.6mm, Column_nr=FZ 1, Column_type=ascentis express c18, Column_temp=35°C, Column_length=15cm}",1
2023-02-28 15:38:34.000 UTC,2023-02-28,2023-02,Heist\Tetrascience\Atozet_AS_DEG_Atorvastatin,Waters62,HEIST_2024_ZZZZ,OG0653C_Assay_Atorvastatin,,,RRT 1.91,hclaes,,,96f1202e-885f-4fa3-ad7c-d58599f129e6,False,12d58838-be02-5cc7-91d8-1bf0028592b1,W2489 ChA,,,,,,,,20.158,,,,,,,,,,"{ATTRIBUTE_15=0.00000000, Column_ID=4.6mm, Column_temp=35°C, Final_Proc_Degr_Ref_Est=ND, Proc_Degr_Ref_Est_0=0.00000000, Column_nr=FZ 1, Column_type=ascentis express c18, Column_length=15cm}",Empower,Combined SS,Unknown,35.0,Empower,1052,Waters62,hclaes,15.0,,,Combined SS,Unknown,HEIST_2024_ZZZZ,OG0653C_Assay_Atorvastatin,2023-02-28 15:38:34.000 UTC,2023-02-28,2023-02,35.0,Heist\Tetrascience\Atozet_AS_DEG_Atorvastatin,3,"{Column_ID=4.6mm, Column_nr=FZ 1, Column_type=ascentis express c18, Column_temp=35°C, Column_length=15cm}",1
2023-02-28 22:23:58.000 UTC,2023-02-28,2023-02,Heist\Tetrascience\Atozet_AS_DEG_Atorvastatin,Waters62,HEI_2023_5089,OG0653C_Assay_Atorvastatin,,,RRT 0.86 (Desfluoro-imp Atov),hclaes,,,e2a46173-05c0-42c9-b8c8-b3c70e829fb9,False,66e89b7a-ee7a-50c6-9566-4dc99f0ea4b0,W2489 ChA,8.9,9.333,,,1319.0,0.02,4.4861,9.064,1.004847,,,,,,0.2105161,,,"{ATTRIBUTE_15=0.00000000, Corrected_Area_Founds=1319.1526, LimsSampleId=7742785, Corr_Factor_Weight_Sample=1.0000000000, Column_ID=4.6mm, Column_nr=FZ 1, Column_type=ascentis express c18, Corrected_Area_All=1319.1526, Column_length=15cm, Volume_Sample_Solution=104.160000, Column_temp=35°C, LimsTestId=14472619, Assay_unit=%, Proc_Degr_Ref_Est_0=0.00000000}",Empower,0001591299 10-10,Unknown,35.0,Empower,1084,Waters62,hclaes,15.0,,,0001591299 10-10,Unknown,HEI_2023_5089,OG0653C_Assay_Atorvastatin,2023-02-28 22:23:58.000 UTC,2023-02-28,2023-02,35.0,Heist\Tetrascience\Atozet_AS_DEG_Atorvastatin,2,"{LimsSampleId=7742785, Corr_Factor_Weight_Sample=1.0000000000, Volume_Sample_Solution=104.160000, Column_ID=4.6mm, Column_temp=35°C, LimsTestId=14472619, Assay_unit=%, Column_nr=FZ 1, Column_type=ascentis express c18, Column_length=15cm}",2
2023-02-28 19:19:42.000 UTC,2023-02-28,2023-02,Heist\Tetrascience\Atozet_As_DEG_Atorvastatin_new,Waters62,HEI_2023_5089,OG0653C_Assay_Atorvastatin,,,RRT 1.55,hclaes,,,ff4700cf-bbe3-4cce-a27c-6ad993a70179,False,00de0ed2-a8b0-52a3-b25a-655031b37b52,W2489 ChA,15.875,16.275,0.04,0.008,1410.0,0.04,,16.153,,,,,,,,,,"{Corrected_Area_Founds=1409.8792, Column_ID=4.6mm, Column_temp=35°C, Column_nr=FZ 1, Column_type=ascentis express c18, Corrected_Area_All=1409.8792, Column_length=15cm}",Empower,CHECK,Control,35.0,Empower,1115,Waters62,hclaes,15.0,,,CHECK,Control,HEI_2023_5089,OG0653C_Assay_Atorvastatin,2023-02-28 19:19:42.000 UTC,2023-02-28,2023-02,35.0,Heist\Tetrascience\Atozet_As_DEG_Atorvastatin_new,2,"{Column_ID=4.6mm, Column_nr=FZ 1, Column_type=ascentis express c18, Column_temp=35°C, Column_length=15cm}",1
2025-06-10 20:20:26.000 UTC,2025-06-10,2025-06,Heist\2025_Q2\HPLC\Atozet\OG0653C_As_Atorva_Degr,Waters68,366,OG0653C_Assay_Atorvastatin,,,Oxo-Atorvastatin,demeutte,,,a88c80d6-400a-49d1-ba6d-47e1cc3492ba,False,6d88bf2e-c3d0-51c6-845a-070af266deaf,W2489 ChA,9.292,9.917,,,5205.0,0.14,1.435347,9.562,2.03016,1.023242,,,0.4664486,,0.2344885,,,"{Corrected_Area_Founds=5205.0052, LimsSampleId=7786902, Column_ID=4.6mm, Identification_Procent=-0.0728963155, Proc_RSD_References=16.148, Identification=CONFORMS, Identification_MIN=-0.073, Column_nr=47627389, Column_type=ascentis express c18, Corrected_Area_All=5205.0052, Column_length=15cm, Column_temp=35°C, ExperimentId=366, LimsTestId=14527279, Identification_MAX=-0.073}",Empower,STD,Standard,35.0,Empower,1090,Waters68,demeutte,15.0,,,STD,Standard,366,OG0653C_Assay_Atorvastatin,2025-06-10 20:20:26.000 UTC,2025-06-10,2025-06,35.0,Heist\2025_Q2\HPLC\Atozet\OG0653C_As_Atorva_Degr,1,"{LimsSampleId=7786902, Column_ID=4.6mm, Column_temp=35°C, ExperimentId=366, LimsTestId=14527279, Column_nr=47627389, Column_type=ascentis express c18, Column_length=15cm}",1
2024-06-24 13:14:40.000 UTC,2024-06-24,2024-06,Heist\Tetrascience\Atozet_As_DEG_Atorvastatin_new,Waters68,HEI_2024_3333,OG0653C_Assay_Atorvastatin,,,Ezetimibe,demeutte,,,9316b8b4-a3a4-461f-8540-cb3c922e37e0,False,d7da01d2-dae3-5fc2-8233-43598414735d,W2489 ChA,7.275,8.333,,,2612536.0,51.89,,7.545,,,,,,,,,,"{ATTRIBUTE_15=0.00000000, Corrected_Area_Founds=2612536.2973, LimsSampleId=7743901, Corr_Factor_Weight_Sample=1.0000000000, Column_ID=4.6mm, Column_nr=FZ, Column_type=ascentis express c18, Corrected_Area_All=2612536.2973, Column_length=15cm, Volume_Sample_Solution=104.160000, Column_temp=35°C, LimsTestId=14473910, Assay_unit=mg/tab, Proc_Degr_Ref_Est_0=0.00000000, LabwareFileId=f3491c0e-602a-4d32-be77-5e4d728b6d92}",Empower,7743901,Unknown,35.0,Empower,1535,Waters68,demeutte,15.0,,,7743901,Unknown,HEI_2024_3333,OG0653C_Assay_Atorvastatin,2024-06-24 13:14:40.000 UTC,2024-06-24,2024-06,35.0,Heist\Tetrascience\Atozet_As_DEG_Atorvastatin_new,1,"{LimsSampleId=7743901, Corr_Factor_Weight_Sample=1.0000000000, Volume_Sample_Solution=104.160000, Column_ID=4.6mm, Column_temp=35°C, LimsTestId=14473910, Assay_unit=mg/tab, Column_nr=FZ, Column_type=ascentis express c18, LabwareFileId=f3491c0e-602a-4d32-be77-5e4d728b6d92, Column_length=15cm}",2
2024-06-25 09:39:53.000 UTC,2024-06-25,2024-06,Heist\Tetrascience\Atozet_As_DEG_Atorvastatin_new,Waters68,HEI_2024_1234,OG0653C_Assay_Atorvastatin,,,,demeutte,,,5ba36a38-3a47-4ccd-a317-deac06aca25c,False,7759dcde-1929-52ea-b039-1dfadcac7177,W2489 ChA,21.358,21.842,,,1167.0,0.02,,21.695,,,,,,,,,,"{ATTRIBUTE_15=0.00000000, Column_ID=4.6mm, Column_temp=35°C, Final_Proc_Degr_Ref_Est=ND, Proc_Degr_Ref_Est_0=0.00000000, Column_nr=FZ, Column_type=ascentis express c18, Corrected_Area_All=1167.2856, LabwareFileId=68340e09-880e-4f92-b2aa-4044e8b75dd2, Column_length=15cm}",Empower,Combined SS,Unknown,35.0,Empower,1596,Waters68,demeutte,15.0,,,Combined SS,Unknown,HEI_2024_1234,OG0653C_Assay_Atorvastatin,2024-06-25 09:39:53.000 UTC,2024-06-25,2024-06,35.0,Heist\Tetrascience\Atozet_As_DEG_Atorvastatin_new,1,"{Column_ID=4.6mm, Column_temp=35°C, Column_nr=FZ, Column_type=ascentis express c18, LabwareFileId=68340e09-880e-4f92-b2aa-4044e8b75dd2, Column_length=15cm}",4
2024-06-25 11:27:33.000 UTC,2024-06-25,2024-06,Heist\Tetrascience\Atozet_As_DEG_Atorvastatin_new,Waters68,HEI_2024_1234,OG0653C_Assay_Atorvastatin,,,,demeutte,,,1c7e45e1-0945-4b31-bec0-3d30f8d2ff2b,False,b9964007-8451-592e-a3e0-5858699ddf74,W2489 ChA,3.633,4.15,1.64,0.689,34187.0,0.67,,3.759,,,,,,,,,,"{ATTRIBUTE_15=1.72367659, LimsSampleId=7743902, Corr_Factor_Weight_Sample=1.0000000000, Column_ID=4.6mm, Proc_Degr_Ref_Est=1.72367659, Final_Proc_Degr_Ref_Est=1.72367659, Column_nr=FZ, Column_type=ascentis express c18, Corrected_Area_All=34186.5559, Column_length=15cm, Volume_Sample_Solution=104.160000, Corr_Amount_Weight_Sample=0.68947064, Column_temp=35°C, LimsTestId=14473938, Assay_unit=mg/tab, Proc_Degr_Ref_Est_0=1.72367659, LabwareFileId=68340e09-880e-4f92-b2aa-4044e8b75dd2}",Empower,7743902,Unknown,35.0,Empower,1621,Waters68,demeutte,15.0,,,7743902,Unknown,HEI_2024_1234,OG0653C_Assay_Atorvastatin,2024-06-25 11:27:33.000 UTC,2024-06-25,2024-06,35.0,Heist\Tetrascience\Atozet_As_DEG_Atorvastatin_new,1,"{LimsSampleId=7743902, Corr_Factor_Weight_Sample=1.0000000000, Volume_Sample_Solution=104.160000, Column_ID=4.6mm, Column_temp=35°C, LimsTestId=14473938, Assay_unit=mg/tab, Column_nr=FZ, Column_type=ascentis express c18, LabwareFileId=68340e09-880e-4f92-b2aa-4044e8b75dd2, Column_length=15cm}",2
2024-06-20 13:35:56.000 UTC,2024-06-20,2024-06,Heist\Tetrascience\Atozet_As_DEG_Atorvastatin_new,Waters68,HEIST_2024_ZZZZ,OG0653C_Assay_Atorvastatin,,,Oxo-Atorvastatin,vancaelk,,,49ef29ff-e53a-422f-9653-2bf583244034,False,1b438ebe-5369-5d5c-868f-90d85f30b4c4,W2489 ChA,8.967,9.575,0.16,0.068,3295.0,0.07,5.866705,9.272,1.179593,0.9895374,,,0.4303501,,0.224341,,,"{ATTRIBUTE_15=0.16907816, Corrected_Area_Founds=3295.3262, LimsSampleId=7742785, Corr_Factor_Weight_Sample=1.0000000000, Column_ID=4.6mm, Proc_Degr_Ref_Est=0.16907816, Final_Proc_Degr_Ref_Est=0.16907816, Column_nr=FZ, Column_type=ascentis express c18, Corrected_Area_All=3295.3262, Column_length=15cm, Volume_Sample_Solution=104.160000, Corr_Amount_Weight_Sample=0.06763126, Column_temp=35°C, LimsTestId=14472619, Assay_unit=mg/tab, Proc_Degr_Ref_Est_0=0.16907816, LabwareFileId=63af622c-86d2-436c-bb85-58ee51d4b08d}",Empower,7742785,Unknown,35.0,Empower,1405,Waters68,vancaelk,15.0,,,7742785,Unknown,HEIST_2024_ZZZZ,OG0653C_Assay_Atorvastatin,2024-06-20 13:35:56.000 UTC,2024-06-20,2024-06,35.0,Heist\Tetrascience\Atozet_As_DEG_Atorvastatin_new,2,"{LimsSampleId=7742785, Corr_Factor_Weight_Sample=1.0000000000, Volume_Sample_Solution=104.160000, Column_ID=4.6mm, Column_temp=35°C, LimsTestId=14472619, Assay_unit=mg/tab, Column_nr=FZ, Column_type=ascentis express c18, LabwareFileId=63af622c-86d2-436c-bb85-58ee51d4b08d, Column_length=15cm}",2
2024-06-20 14:11:42.000 UTC,2024-06-20,2024-06,Heist\Tetrascience\Atozet_As_DEG_Atorvastatin_new,Waters68,HEIST_2024_ZZZZ,OG0653C_Assay_Atorvastatin,,,RRT 0.65 (deg Ezet),vancaelk,,,88ca7cdb-c9a0-4b76-aed6-aea8afc40851,False,9621d455-af9a-588b-b738-7f447b09ed7b,W2489 ChA,,,,,,,,6.86,,,,,,,,,,"{ATTRIBUTE_15=0.00000000, LimsSampleId=7742785, Corr_Factor_Weight_Sample=1.0000000000, Column_ID=4.6mm, Column_nr=FZ, Column_type=ascentis express c18, Column_length=15cm, Volume_Sample_Solution=104.160000, Column_temp=35°C, LimsTestId=14472620, Assay_unit=mg/tab, Proc_Degr_Ref_Est_0=0.00000000, LabwareFileId=63af622c-86d2-436c-bb85-58ee51d4b08d}",Empower,7742785,Unknown,35.0,Empower,1408,Waters68,vancaelk,15.0,,,7742785,Unknown,HEIST_2024_ZZZZ,OG0653C_Assay_Atorvastatin,2024-06-20 14:11:42.000 UTC,2024-06-20,2024-06,35.0,Heist\Tetrascience\Atozet_As_DEG_Atorvastatin_new,2,"{LimsSampleId=7742785, Corr_Factor_Weight_Sample=1.0000000000, Volume_Sample_Solution=104.160000, Column_ID=4.6mm, Column_temp=35°C, LimsTestId=14472620, Assay_unit=mg/tab, Column_nr=FZ, Column_type=ascentis express c18, LabwareFileId=63af622c-86d2-436c-bb85-58ee51d4b08d, Column_length=15cm}",3
2024-06-24 12:38:43.000 UTC,2024-06-24,2024-06,Heist\Tetrascience\Atozet_As_DEG_Atorvastatin_new,Waters68,HEI_2024_3333,OG0653C_Assay_Atorvastatin,,,Diepoxy epoxide,demeutte,,,4014224e-17c5-4406-a95f-b741124cf347,False,ccfac136-bf57-5753-b680-e85b5bb83ce6,W2489 ChA,,,,,,,,17.692,,,,,,,,,,"{ATTRIBUTE_15=0.00000000, LimsSampleId=7743901, Corr_Factor_Weight_Sample=1.0000000000, Column_ID=4.6mm, Final_Proc_Degr_Ref_Est=ND, Column_nr=FZ, Column_type=ascentis express c18, Column_length=15cm, Volume_Sample_Solution=104.160000, Column_temp=35°C, LimsTestId=14473909, Assay_unit=mg/tab, Proc_Degr_Ref_Est_0=0.00000000, LabwareFileId=f3491c0e-602a-4d32-be77-5e4d728b6d92}",Empower,7743901,Unknown,35.0,Empower,1532,Waters68,demeutte,15.0,,,7743901,Unknown,HEI_2024_3333,OG0653C_Assay_Atorvastatin,2024-06-24 12:38:43.000 UTC,2024-06-24,2024-06,35.0,Heist\Tetrascience\Atozet_As_DEG_Atorvastatin_new,1,"{LimsSampleId=7743901, Corr_Factor_Weight_Sample=1.0000000000, Volume_Sample_Solution=104.160000, Column_ID=4.6mm, Column_temp=35°C, LimsTestId=14473909, Assay_unit=mg/tab, Column_nr=FZ, Column_type=ascentis express c18, LabwareFileId=f3491c0e-602a-4d32-be77-5e4d728b6d92, Column_length=15cm}",1
2024-06-20 13:35:56.000 UTC,2024-06-20,2024-06,Heist\Tetrascience\Atozet_As_DEG_Atorvastatin_new,Waters68,HEIST_2024_ZZZZ,OG0653C_Assay_Atorvastatin,,,,vancaelk,,,49ef29ff-e53a-422f-9653-2bf583244034,False,1b438ebe-5369-5d5c-868f-90d85f30b4c4,W2489 ChA,5.533,5.858,0.19,0.078,3811.0,0.08,,5.7,,,,,,,,,,"{ATTRIBUTE_15=0.19556087, LimsSampleId=7742785, Corr_Factor_Weight_Sample=1.0000000000, Column_ID=4.6mm, Proc_Degr_Ref_Est=0.19556087, Final_Proc_Degr_Ref_Est=0.19556087, Column_nr=FZ, Column_type=ascentis express c18, Corrected_Area_All=3811.4733, Column_length=15cm, Volume_Sample_Solution=104.160000, Corr_Amount_Weight_Sample=0.07822435, Column_temp=35°C, LimsTestId=14472619, Assay_unit=mg/tab, Proc_Degr_Ref_Est_0=0.19556087, LabwareFileId=63af622c-86d2-436c-bb85-58ee51d4b08d}",Empower,7742785,Unknown,35.0,Empower,1405,Waters68,vancaelk,15.0,,,7742785,Unknown,HEIST_2024_ZZZZ,OG0653C_Assay_Atorvastatin,2024-06-20 13:35:56.000 UTC,2024-06-20,2024-06,35.0,Heist\Tetrascience\Atozet_As_DEG_Atorvastatin_new,2,"{LimsSampleId=7742785, Corr_Factor_Weight_Sample=1.0000000000, Volume_Sample_Solution=104.160000, Column_ID=4.6mm, Column_temp=35°C, LimsTestId=14472619, Assay_unit=mg/tab, Column_nr=FZ, Column_type=ascentis express c18, LabwareFileId=63af622c-86d2-436c-bb85-58ee51d4b08d, Column_length=15cm}",2
2024-06-24 11:26:51.000 UTC,2024-06-24,2024-06,Heist\Tetrascience\Atozet_As_DEG_Atorvastatin_new,Waters68,HEI_2024_3333,OG0653C_Assay_Atorvastatin,,,,demeutte,,,e64e9707-b94c-44c7-a50c-bc3f1303b7f0,False,40863923-4f5e-5e18-acab-7fa0a323c674,W2489 ChA,5.533,5.892,,,4791.0,0.09,,5.697,,,,,,,,,,"{ATTRIBUTE_15=0.00000000, Column_ID=4.6mm, Column_temp=35°C, Final_Proc_Degr_Ref_Est=ND, Proc_Degr_Ref_Est_0=0.00000000, Column_nr=FZ, Column_type=ascentis express c18, Corrected_Area_All=4791.1011, LabwareFileId=f3491c0e-602a-4d32-be77-5e4d728b6d92, Column_length=15cm}",Empower,Combined SS,Unknown,35.0,Empower,1526,Waters68,demeutte,15.0,,,Combined SS,Unknown,HEI_2024_3333,OG0653C_Assay_Atorvastatin,2024-06-24 11:26:51.000 UTC,2024-06-24,2024-06,35.0,Heist\Tetrascience\Atozet_As_DEG_Atorvastatin_new,1,"{Column_ID=4.6mm, Column_temp=35°C, Column_nr=FZ, Column_type=ascentis express c18, LabwareFileId=f3491c0e-602a-4d32-be77-5e4d728b6d92, Column_length=15cm}",3
2023-02-28 23:00:49.000 UTC,2023-03-01,2023-02,Heist\Tetrascience\Atozet_AS_DEG_Atorvastatin,Waters62,HEIST_2024_ZZZZ,OG0653C_Assay_Atorvastatin,,,Diketo Epoxide,hclaes,,,732cb18a-dff9-4751-88da-b7a7cda1aff3,False,d52440b7-8b2e-5cf6-8fc0-bb1ce80dd1c5,W2489 ChA,,,,,,,,22.367,,,,,,,,,,"{ATTRIBUTE_15=0.00000000, LimsSampleId=7742785, Corr_Factor_Weight_Sample=1.0000000000, Column_ID=4.6mm, Final_Proc_Degr_Ref_Est=ND, Column_nr=FZ 1, Column_type=ascentis express c18, Column_length=15cm, Volume_Sample_Solution=104.160000, Column_temp=35°C, LimsTestId=14472620, Assay_unit=%, Proc_Degr_Ref_Est_0=0.00000000}",Empower,0001591299 10-10,Unknown,35.0,Empower,1087,Waters62,hclaes,15.0,,,0001591299 10-10,Unknown,HEIST_2024_ZZZZ,OG0653C_Assay_Atorvastatin,2023-02-28 23:00:49.000 UTC,2023-02-28,2023-02,35.0,Heist\Tetrascience\Atozet_AS_DEG_Atorvastatin,3,"{LimsSampleId=7742785, Corr_Factor_Weight_Sample=1.0000000000, Volume_Sample_Solution=104.160000, Column_ID=4.6mm, Column_temp=35°C, LimsTestId=14472620, Assay_unit=%, Column_nr=FZ 1, Column_type=ascentis express c18, Column_length=15cm}",3
2023-02-28 16:15:25.000 UTC,2023-02-28,2023-02,Heist\Tetrascience\Atozet_AS_DEG_Atorvastatin,Waters62,HEI_2023_5089,OG0653C_Assay_Atorvastatin,,,RRT 1.55,hclaes,,,07e4ebc8-e663-4326-ae40-262a39d89ed1,False,4b80bcd7-1b96-5dbd-bdbc-3042401e718f,W2489 ChA,15.867,16.275,,,1422.0,0.04,,16.162,,,,,,,,,,"{Corrected_Area_Founds=1422.4859, Column_ID=4.6mm, Column_temp=35°C, Column_nr=FZ 1, Column_type=ascentis express c18, Corrected_Area_All=1422.4859, Column_length=15cm}",Empower,Ref,Standard,35.0,Empower,1055,Waters62,hclaes,15.0,,,Ref,Standard,HEI_2023_5089,OG0653C_Assay_Atorvastatin,2023-02-28 16:15:25.000 UTC,2023-02-28,2023-02,35.0,Heist\Tetrascience\Atozet_AS_DEG_Atorvastatin,2,"{Column_ID=4.6mm, Column_nr=FZ 1, Column_type=ascentis express c18, Column_temp=35°C, Column_length=15cm}",2
2023-02-28 21:47:06.000 UTC,2023-02-28,2023-02,Heist\Tetrascience\Atozet_As_DEG_Atorvastatin_new,Waters62,HEI_2023_5089,OG0653C_Assay_Atorvastatin,,,Diketo Epoxide,hclaes,,,48dc781c-bc5b-4144-a5a6-965483095e3d,False,cf420975-d921-5625-a936-326743bca5ad,W2489 ChA,,,,,,,,22.347,,,,,,,,,,"{ATTRIBUTE_15=0.00000000, LimsSampleId=7742784, Corr_Factor_Weight_Sample=1.0000000000, Column_ID=4.6mm, Final_Proc_Degr_Ref_Est=ND, Column_nr=FZ 1, Column_type=ascentis express c18, Column_length=15cm, Volume_Sample_Solution=104.160000, Column_temp=35°C, LimsTestId=14472603, Assay_unit=%, Proc_Degr_Ref_Est_0=0.00000000}",Empower,7742784,Unknown,35.0,Empower,1126,Waters62,hclaes,15.0,,,7742784,Unknown,HEI_2023_5089,OG0653C_Assay_Atorvastatin,2023-02-28 21:47:06.000 UTC,2023-02-28,2023-02,35.0,Heist\Tetrascience\Atozet_As_DEG_Atorvastatin_new,2,"{LimsSampleId=7742784, Corr_Factor_Weight_Sample=1.0000000000, Volume_Sample_Solution=104.160000, Column_ID=4.6mm, Column_temp=35°C, LimsTestId=14472603, Assay_unit=%, Column_nr=FZ 1, Column_type=ascentis express c18, Column_length=15cm}",2
2023-02-28 22:23:58.000 UTC,2023-02-28,2023-02,Heist\Tetrascience\Atozet_AS_DEG_Atorvastatin,Waters62,HEIST_2024_ZZZZ,OG0653C_Assay_Atorvastatin,,,RRT 0.65 (deg Ezet),hclaes,,,a30cc065-c664-44ec-b493-204ccc8f5eb5,False,639190ea-111f-59d6-ad66-e4008b7f97f3,W2489 ChA,6.808,7.25,,,3172.0,0.05,,6.917,,,,,,,,,,"{ATTRIBUTE_15=0.00000000, Corrected_Area_Founds=3171.7641, LimsSampleId=7742785, Corr_Factor_Weight_Sample=1.0000000000, Column_ID=4.6mm, Column_nr=FZ 1, Column_type=ascentis express c18, Corrected_Area_All=3171.7641, Column_length=15cm, Volume_Sample_Solution=104.160000, Column_temp=35°C, LimsTestId=14472619, Assay_unit=%, Proc_Degr_Ref_Est_0=0.00000000}",Empower,0001591299 10-10,Unknown,35.0,Empower,1084,Waters62,hclaes,15.0,,,0001591299 10-10,Unknown,HEIST_2024_ZZZZ,OG0653C_Assay_Atorvastatin,2023-02-28 22:23:58.000 UTC,2023-02-28,2023-02,35.0,Heist\Tetrascience\Atozet_AS_DEG_Atorvastatin,3,"{LimsSampleId=7742785, Corr_Factor_Weight_Sample=1.0000000000, Volume_Sample_Solution=104.160000, Column_ID=4.6mm, Column_temp=35°C, LimsTestId=14472619, Assay_unit=%, Column_nr=FZ 1, Column_type=ascentis express c18, Column_length=15cm}",1
2023-02-28 23:37:37.000 UTC,2023-03-01,2023-02,Heist\Tetrascience\Atozet_AS_DEG_Atorvastatin,Waters62,HEIST_2024_ZZZZ,OG0653C_Assay_Atorvastatin,,,RRT 1.55,hclaes,,,7a74b77d-80c5-4d2d-9876-2e480a5d1852,False,e67eb145-4684-5949-b12a-4f425a660ca3,W2489 ChA,,,,,,,,16.351,,,,,,,,,,"{ATTRIBUTE_15=0.00000000, Corr_Factor_Weight_Sample=1.0000000000, Volume_Sample_Solution=104.160000, Column_ID=4.6mm, Column_temp=35°C, Assay_unit=%, Final_Proc_Degr_Ref_Est=ND, Proc_Degr_Ref_Est_0=0.00000000, Column_nr=FZ 1, Column_type=ascentis express c18, Column_length=15cm}",Empower,0001591307 10-10,Unknown,35.0,Empower,1090,Waters62,hclaes,15.0,,,0001591307 10-10,Unknown,HEIST_2024_ZZZZ,OG0653C_Assay_Atorvastatin,2023-02-28 23:37:37.000 UTC,2023-02-28,2023-02,35.0,Heist\Tetrascience\Atozet_AS_DEG_Atorvastatin,3,"{Corr_Factor_Weight_Sample=1.0000000000, Volume_Sample_Solution=104.160000, Column_ID=4.6mm, Column_temp=35°C, Assay_unit=%, Column_nr=FZ 1, Column_type=ascentis express c18, Column_length=15cm}",1
2023-02-28 17:29:04.000 UTC,2023-02-28,2023-02,Heist\Tetrascience\Atozet_As_DEG_Atorvastatin_new,Waters62,HEI_2023_5089,OG0653C_Assay_Atorvastatin,,,RRT 0.70,hclaes,,,b15616e0-b885-4e41-bad0-3cbfe0dbe9d5,False,3811a730-4f10-5202-a003-f17561123ee9,W2489 ChA,,,,,,,,7.356,,,,,,,,,,,Empower,Ref,Standard,35.0,Empower,1106,Waters62,hclaes,15.0,,,Ref,Standard,HEI_2023_5089,OG0653C_Assay_Atorvastatin,2023-02-28 17:29:04.000 UTC,2023-02-28,2023-02,35.0,Heist\Tetrascience\Atozet_As_DEG_Atorvastatin_new,2,"{Column_ID=4.6mm, Column_nr=FZ 1, Column_type=ascentis express c18, Column_temp=35°C, Column_length=15cm}",3
2023-02-28 21:10:19.000 UTC,2023-02-28,2023-02,Heist\Tetrascience\Atozet_As_DEG_Atorvastatin_new,Waters62,HEI_2023_5089,OG0653C_Assay_Atorvastatin,,,SCH59566 (deg Ezet),hclaes,,,e092fcef-c9b0-4a78-8145-68366745bb6a,False,c726efa8-5446-5bd1-b90f-97980fc6f1db,W2489 ChA,12.467,13.35,,,27415.0,0.4,,12.916,,,,,,,,,,"{ATTRIBUTE_15=0.00000000, Corrected_Area_Founds=27414.5007, LimsSampleId=7742784, Corr_Factor_Weight_Sample=1.0000000000, Column_ID=4.6mm, Column_nr=FZ 1, Column_type=ascentis express c18, Corrected_Area_All=27414.5007, Column_length=15cm, Volume_Sample_Solution=104.160000, Column_temp=35°C, LimsTestId=14472602, Assay_unit=%, Proc_Degr_Ref_Est_0=0.00000000}",Empower,7742784,Unknown,35.0,Empower,1123,Waters62,hclaes,15.0,,,7742784,Unknown,HEI_2023_5089,OG0653C_Assay_Atorvastatin,2023-02-28 21:10:19.000 UTC,2023-02-28,2023-02,35.0,Heist\Tetrascience\Atozet_As_DEG_Atorvastatin_new,2,"{LimsSampleId=7742784, Corr_Factor_Weight_Sample=1.0000000000, Volume_Sample_Solution=104.160000, Column_ID=4.6mm, Column_temp=35°C, LimsTestId=14472602, Assay_unit=%, Column_nr=FZ 1, Column_type=ascentis express c18, Column_length=15cm}",1
2023-02-28 22:23:58.000 UTC,2023-02-28,2023-02,Heist\Tetrascience\Atozet_AS_DEG_Atorvastatin,Waters62,HEI_2023_5089,OG0653C_Assay_Atorvastatin,,,Ezetimibe,hclaes,,,e2a46173-05c0-42c9-b8c8-b3c70e829fb9,False,66e89b7a-ee7a-50c6-9566-4dc99f0ea4b0,W2489 ChA,7.575,8.667,,,3200902.0,46.95,,7.801,,,,,,,,,,"{Corrected_Area_Founds=3200902.4477, ATTRIBUTE_15=0.00000000, LimsSampleId=7742785, Corr_Factor_Weight_Sample=1.0000000000, Column_ID=4.6mm, Column_nr=FZ 1, Column_type=ascentis express c18, Corrected_Area_All=3200902.4477, Column_length=15cm, Volume_Sample_Solution=104.160000, Column_temp=35°C, LimsTestId=14472619, Assay_unit=%, Proc_Degr_Ref_Est_0=0.00000000}",Empower,0001591299 10-10,Unknown,35.0,Empower,1084,Waters62,hclaes,15.0,,,0001591299 10-10,Unknown,HEI_2023_5089,OG0653C_Assay_Atorvastatin,2023-02-28 22:23:58.000 UTC,2023-02-28,2023-02,35.0,Heist\Tetrascience\Atozet_AS_DEG_Atorvastatin,2,"{LimsSampleId=7742785, Corr_Factor_Weight_Sample=1.0000000000, Volume_Sample_Solution=104.160000, Column_ID=4.6mm, Column_temp=35°C, LimsTestId=14472619, Assay_unit=%, Column_nr=FZ 1, Column_type=ascentis express c18, Column_length=15cm}",2
2024-06-25 11:27:33.000 UTC,2024-06-25,2024-06,Heist\Tetrascience\Atozet_As_DEG_Atorvastatin_new,Waters68,HEI_2024_1234,OG0653C_Assay_Atorvastatin,,,RRT 1.91,demeutte,,,1c7e45e1-0945-4b31-bec0-3d30f8d2ff2b,False,b9964007-8451-592e-a3e0-5858699ddf74,W2489 ChA,,,,,,,,19.31,,,,,,,,,,"{ATTRIBUTE_15=0.00000000, LimsSampleId=7743902, Corr_Factor_Weight_Sample=1.0000000000, Column_ID=4.6mm, Final_Proc_Degr_Ref_Est=ND, Column_nr=FZ, Column_type=ascentis express c18, Column_length=15cm, Volume_Sample_Solution=104.160000, Column_temp=35°C, LimsTestId=14473938, Assay_unit=mg/tab, Proc_Degr_Ref_Est_0=0.00000000, LabwareFileId=68340e09-880e-4f92-b2aa-4044e8b75dd2}",Empower,7743902,Unknown,35.0,Empower,1621,Waters68,demeutte,15.0,,,7743902,Unknown,HEI_2024_1234,OG0653C_Assay_Atorvastatin,2024-06-25 11:27:33.000 UTC,2024-06-25,2024-06,35.0,Heist\Tetrascience\Atozet_As_DEG_Atorvastatin_new,1,"{LimsSampleId=7743902, Corr_Factor_Weight_Sample=1.0000000000, Volume_Sample_Solution=104.160000, Column_ID=4.6mm, Column_temp=35°C, LimsTestId=14473938, Assay_unit=mg/tab, Column_nr=FZ, Column_type=ascentis express c18, LabwareFileId=68340e09-880e-4f92-b2aa-4044e8b75dd2, Column_length=15cm}",2
2024-06-20 14:11:42.000 UTC,2024-06-20,2024-06,Heist\Tetrascience\Atozet_As_DEG_Atorvastatin_new,Waters68,HEIST_2024_ZZZZ,OG0653C_Assay_Atorvastatin,,,Atorvastatin,vancaelk,,,88ca7cdb-c9a0-4b76-aed6-aea8afc40851,False,9621d455-af9a-588b-b738-7f447b09ed7b,W2489 ChA,9.533,11.258,92.67,38.489,1875349.0,37.96,2.772392,10.171,933.07049,1.006191,,,0.3472755,,0.1561401,,,"{ATTRIBUTE_15=96.22128577, Corrected_Area_Founds=1875348.8601, LimsSampleId=7742785, Corr_Factor_Weight_Sample=1.0000000000, Column_ID=4.6mm, Proc_Degr_Ref_Est=96.22128577, Final_Proc_Degr_Ref_Est=96.22128577, Column_nr=FZ, Column_type=ascentis express c18, Corrected_Area_All=1875348.8601, Column_length=15cm, Volume_Sample_Solution=104.160000, Corr_Amount_Weight_Sample=38.48851431, Column_temp=35°C, LimsTestId=14472620, Assay_unit=mg/tab, Proc_Degr_Ref_Est_0=96.22128577, LabwareFileId=63af622c-86d2-436c-bb85-58ee51d4b08d}",Empower,7742785,Unknown,35.0,Empower,1408,Waters68,vancaelk,15.0,,,7742785,Unknown,HEIST_2024_ZZZZ,OG0653C_Assay_Atorvastatin,2024-06-20 14:11:42.000 UTC,2024-06-20,2024-06,35.0,Heist\Tetrascience\Atozet_As_DEG_Atorvastatin_new,2,"{LimsSampleId=7742785, Corr_Factor_Weight_Sample=1.0000000000, Volume_Sample_Solution=104.160000, Column_ID=4.6mm, Column_temp=35°C, LimsTestId=14472620, Assay_unit=mg/tab, Column_nr=FZ, Column_type=ascentis express c18, LabwareFileId=63af622c-86d2-436c-bb85-58ee51d4b08d, Column_length=15cm}",3
2024-06-25 09:03:54.000 UTC,2024-06-25,2024-06,Heist\Tetrascience\Atozet_As_DEG_Atorvastatin_new,Waters68,HEI_2024_1234,OG0653C_Assay_Atorvastatin,,,RRT 0.86 (Desfluoro-imp Atov),demeutte,,,b05e7489-af69-4f5b-81d0-8f9edaec3c03,False,fef96df1-3287-52aa-b833-1700f9764302,W2489 ChA,,,,,,,,8.986,,,,,,,,,,"{ATTRIBUTE_15=0.00000000, Column_ID=4.6mm, Column_temp=35°C, Proc_Degr_Ref_Est_0=0.00000000, Column_nr=FZ, Column_type=ascentis express c18, LabwareFileId=68340e09-880e-4f92-b2aa-4044e8b75dd2, Column_length=15cm}",Empower,Diluent A,Unknown,35.0,Empower,1593,Waters68,demeutte,15.0,,,Diluent A,Unknown,HEI_2024_1234,OG0653C_Assay_Atorvastatin,2024-06-25 09:03:54.000 UTC,2024-06-25,2024-06,35.0,Heist\Tetrascience\Atozet_As_DEG_Atorvastatin_new,1,"{Column_ID=4.6mm, Column_temp=35°C, Column_nr=FZ, Column_type=ascentis express c18, LabwareFileId=68340e09-880e-4f92-b2aa-4044e8b75dd2, Column_length=15cm}",7
2024-06-24 12:02:46.000 UTC,2024-06-24,2024-06,Heist\Tetrascience\Atozet_As_DEG_Atorvastatin_new,Waters68,HEI_2024_3333,OG0653C_Assay_Atorvastatin,,,Oxo-Atorvastatin,demeutte,,,1b1eb5b0-b23d-4e8a-8afb-986bfd95bf24,False,a975fb23-f2d3-51e3-953b-c3adc8871ac2,W2489 ChA,8.833,9.542,,,8497.0,0.23,,9.13,3.590493,1.037165,,,0.4588755,,0.2365854,,,"{Corrected_Area_Founds=8497.4890, LimsSampleId=7743898, Column_ID=4.6mm, Column_temp=35°C, LimsTestId=14473895, Column_nr=FZ, Column_type=ascentis express c18, Corrected_Area_All=8497.4890, LabwareFileId=f3491c0e-602a-4d32-be77-5e4d728b6d92, Column_length=15cm}",Empower,Ref,Standard,35.0,Empower,1529,Waters68,demeutte,15.0,,,Ref,Standard,HEI_2024_3333,OG0653C_Assay_Atorvastatin,2024-06-24 12:02:46.000 UTC,2024-06-24,2024-06,35.0,Heist\Tetrascience\Atozet_As_DEG_Atorvastatin_new,1,"{LimsSampleId=7743898, Column_ID=4.6mm, Column_temp=35°C, LimsTestId=14473895, Column_nr=FZ, Column_type=ascentis express c18, LabwareFileId=f3491c0e-602a-4d32-be77-5e4d728b6d92, Column_length=15cm}",10
2024-06-25 09:03:54.000 UTC,2024-06-25,2024-06,Heist\Tetrascience\Atozet_As_DEG_Atorvastatin_new,Waters68,HEI_2024_1234,OG0653C_Assay_Atorvastatin,,,RRT 1.55,demeutte,,,b05e7489-af69-4f5b-81d0-8f9edaec3c03,False,fef96df1-3287-52aa-b833-1700f9764302,W2489 ChA,,,,,,,,15.506,,,,,,,,,,"{ATTRIBUTE_15=0.00000000, Column_ID=4.6mm, Column_temp=35°C, Proc_Degr_Ref_Est_0=0.00000000, Final_Proc_Degr_Ref_Est=ND, Column_nr=FZ, Column_type=ascentis express c18, LabwareFileId=68340e09-880e-4f92-b2aa-4044e8b75dd2, Column_length=15cm}",Empower,Diluent A,Unknown,35.0,Empower,1593,Waters68,demeutte,15.0,,,Diluent A,Unknown,HEI_2024_1234,OG0653C_Assay_Atorvastatin,2024-06-25 09:03:54.000 UTC,2024-06-25,2024-06,35.0,Heist\Tetrascience\Atozet_As_DEG_Atorvastatin_new,1,"{Column_ID=4.6mm, Column_temp=35°C, Column_nr=FZ, Column_type=ascentis express c18, LabwareFileId=68340e09-880e-4f92-b2aa-4044e8b75dd2, Column_length=15cm}",7
2024-06-24 12:02:46.000 UTC,2024-06-24,2024-06,Heist\Tetrascience\Atozet_As_DEG_Atorvastatin_new,Waters68,HEI_2024_3333,OG0653C_Assay_Atorvastatin,,,RRT 0.86 (Desfluoro-imp Atov),demeutte,,,1b1eb5b0-b23d-4e8a-8afb-986bfd95bf24,False,a975fb23-f2d3-51e3-953b-c3adc8871ac2,W2489 ChA,,,,,,,,8.986,,,,,,,,,,,Empower,Ref,Standard,35.0,Empower,1529,Waters68,demeutte,15.0,,,Ref,Standard,HEI_2024_3333,OG0653C_Assay_Atorvastatin,2024-06-24 12:02:46.000 UTC,2024-06-24,2024-06,35.0,Heist\Tetrascience\Atozet_As_DEG_Atorvastatin_new,1,"{LimsSampleId=7743898, Column_ID=4.6mm, Column_temp=35°C, LimsTestId=14473895, Column_nr=FZ, Column_type=ascentis express c18, LabwareFileId=f3491c0e-602a-4d32-be77-5e4d728b6d92, Column_length=15cm}",10
2024-06-25 10:15:44.000 UTC,2024-06-25,2024-06,Heist\Tetrascience\Atozet_As_DEG_Atorvastatin_new,Waters68,HEI_2024_1234,OG0653C_Assay_Atorvastatin,,,RRT 1.55,demeutte,,,1d2512a0-08f1-4639-a32e-89057fe57c36,False,299f47f6-2655-54ad-85f8-cb7178a84e4e,W2489 ChA,,,,,,,,15.449,,,,,,,,,,,Empower,Ref,Standard,35.0,Empower,1599,Waters68,demeutte,15.0,,,Ref,Standard,HEI_2024_1234,OG0653C_Assay_Atorvastatin,2024-06-25 10:15:44.000 UTC,2024-06-25,2024-06,35.0,Heist\Tetrascience\Atozet_As_DEG_Atorvastatin_new,1,"{LimsSampleId=7743904, Column_ID=4.6mm, Column_temp=35°C, LimsTestId=14473952, Column_nr=FZ, Column_type=ascentis express c18, LabwareFileId=68340e09-880e-4f92-b2aa-4044e8b75dd2, Column_length=15cm}",11
2024-06-24 11:26:51.000 UTC,2024-06-24,2024-06,Heist\Tetrascience\Atozet_As_DEG_Atorvastatin_new,Waters68,HEI_2024_3333,OG0653C_Assay_Atorvastatin,,,Oxo-Atorvastatin,demeutte,,,e64e9707-b94c-44c7-a50c-bc3f1303b7f0,False,40863923-4f5e-5e18-acab-7fa0a323c674,W2489 ChA,8.9,9.592,,,4669.0,0.09,5.645869,9.197,1.709853,0.8692645,,,0.423853,,0.2251437,,,"{Corrected_Area_Founds=4668.5194, ATTRIBUTE_15=0.00000000, Column_ID=4.6mm, Column_temp=35°C, Final_Proc_Degr_Ref_Est=ND, Proc_Degr_Ref_Est_0=0.00000000, Column_nr=FZ, Column_type=ascentis express c18, Corrected_Area_All=4668.5194, LabwareFileId=f3491c0e-602a-4d32-be77-5e4d728b6d92, Column_length=15cm}",Empower,Combined SS,Unknown,35.0,Empower,1526,Waters68,demeutte,15.0,,,Combined SS,Unknown,HEI_2024_3333,OG0653C_Assay_Atorvastatin,2024-06-24 11:26:51.000 UTC,2024-06-24,2024-06,35.0,Heist\Tetrascience\Atozet_As_DEG_Atorvastatin_new,1,"{Column_ID=4.6mm, Column_temp=35°C, Column_nr=FZ, Column_type=ascentis express c18, LabwareFileId=f3491c0e-602a-4d32-be77-5e4d728b6d92, Column_length=15cm}",3
2024-06-20 13:00:07.000 UTC,2024-06-20,2024-06,Heist\Tetrascience\Atozet_As_DEG_Atorvastatin_new,Waters68,HEIST_2024_ZZZZ,OG0653C_Assay_Atorvastatin,,,Atorvastatin,vancaelk,,,d4907f41-25d5-4d6f-8046-4f8e4c203f6a,False,3c6b31fc-12f4-5701-9fb3-310439fd811c,W2489 ChA,9.683,11.367,100.0,0.697,3539144.0,99.39,2.602668,10.131,2114.181337,1.081786,,,0.3905291,,0.1785816,,,"{Corrected_Area_Founds=3539143.8414, LimsSampleId=7742782, Column_ID=4.6mm, Column_temp=35°C, LimsTestId=14472588, Column_nr=FZ, Column_type=ascentis express c18, Corrected_Area_All=3539143.8414, LabwareFileId=63af622c-86d2-436c-bb85-58ee51d4b08d, Column_length=15cm}",Empower,Ref,Standard,35.0,Empower,1402,Waters68,vancaelk,15.0,,,Ref,Standard,HEIST_2024_ZZZZ,OG0653C_Assay_Atorvastatin,2024-06-20 13:00:07.000 UTC,2024-06-20,2024-06,35.0,Heist\Tetrascience\Atozet_As_DEG_Atorvastatin_new,2,"{LimsSampleId=7742782, Column_ID=4.6mm, Column_temp=35°C, LimsTestId=14472588, Column_nr=FZ, Column_type=ascentis express c18, LabwareFileId=63af622c-86d2-436c-bb85-58ee51d4b08d, Column_length=15cm}",9
2024-06-24 12:38:43.000 UTC,2024-06-24,2024-06,Heist\Tetrascience\Atozet_As_DEG_Atorvastatin_new,Waters68,HEI_2024_3333,OG0653C_Assay_Atorvastatin,,,Diketo Epoxide,demeutte,,,4014224e-17c5-4406-a95f-b741124cf347,False,ccfac136-bf57-5753-b680-e85b5bb83ce6,W2489 ChA,22.117,22.433,0.19,0.052,3954.0,0.08,,22.295,,,,,,,,,,"{ATTRIBUTE_15=0.13073415, Corrected_Area_Founds=3954.1721, LimsSampleId=7743901, Corr_Factor_Weight_Sample=1.0000000000, Column_ID=4.6mm, Proc_Degr_Ref_Est=0.13073415, Final_Proc_Degr_Ref_Est=0.13073415, Column_nr=FZ, Column_type=ascentis express c18, Corrected_Area_All=3954.1721, Column_length=15cm, Volume_Sample_Solution=104.160000, Corr_Amount_Weight_Sample=0.05229366, Column_temp=35°C, LimsTestId=14473909, Assay_unit=mg/tab, Proc_Degr_Ref_Est_0=0.13073415, LabwareFileId=f3491c0e-602a-4d32-be77-5e4d728b6d92}",Empower,7743901,Unknown,35.0,Empower,1532,Waters68,demeutte,15.0,,,7743901,Unknown,HEI_2024_3333,OG0653C_Assay_Atorvastatin,2024-06-24 12:38:43.000 UTC,2024-06-24,2024-06,35.0,Heist\Tetrascience\Atozet_As_DEG_Atorvastatin_new,1,"{LimsSampleId=7743901, Corr_Factor_Weight_Sample=1.0000000000, Volume_Sample_Solution=104.160000, Column_ID=4.6mm, Column_temp=35°C, LimsTestId=14473909, Assay_unit=mg/tab, Column_nr=FZ, Column_type=ascentis express c18, LabwareFileId=f3491c0e-602a-4d32-be77-5e4d728b6d92, Column_length=15cm}",1
2024-06-25 10:15:44.000 UTC,2024-06-25,2024-06,Heist\Tetrascience\Atozet_As_DEG_Atorvastatin_new,Waters68,HEI_2024_1234,OG0653C_Assay_Atorvastatin,,,Dihydroxy epoxide,demeutte,,,1d2512a0-08f1-4639-a32e-89057fe57c36,False,299f47f6-2655-54ad-85f8-cb7178a84e4e,W2489 ChA,19.642,20.242,,,6010.0,0.16,,20.08,,,,,,,,,,"{Corrected_Area_Founds=6010.0397, LimsSampleId=7743904, Column_ID=4.6mm, Column_temp=35°C, LimsTestId=14473952, Column_nr=FZ, Column_type=ascentis express c18, Corrected_Area_All=6010.0397, LabwareFileId=68340e09-880e-4f92-b2aa-4044e8b75dd2, Column_length=15cm}",Empower,Ref,Standard,35.0,Empower,1599,Waters68,demeutte,15.0,,,Ref,Standard,HEI_2024_1234,OG0653C_Assay_Atorvastatin,2024-06-25 10:15:44.000 UTC,2024-06-25,2024-06,35.0,Heist\Tetrascience\Atozet_As_DEG_Atorvastatin_new,1,"{LimsSampleId=7743904, Column_ID=4.6mm, Column_temp=35°C, LimsTestId=14473952, Column_nr=FZ, Column_type=ascentis express c18, LabwareFileId=68340e09-880e-4f92-b2aa-4044e8b75dd2, Column_length=15cm}",11
2024-06-25 10:15:44.000 UTC,2024-06-25,2024-06,Heist\Tetrascience\Atozet_As_DEG_Atorvastatin_new,Waters68,HEI_2024_1234,OG0653C_Assay_Atorvastatin,,,RRT 0.86 (Desfluoro-imp Atov),demeutte,,,1d2512a0-08f1-4639-a32e-89057fe57c36,False,299f47f6-2655-54ad-85f8-cb7178a84e4e,W2489 ChA,8.833,9.4,,,8986.0,0.24,1.494054,9.121,3.896175,0.9960321,,,0.4408621,,0.2361282,,,"{Corrected_Area_Founds=8986.2725, LimsSampleId=7743904, Column_ID=4.6mm, Column_temp=35°C, LimsTestId=14473952, Column_nr=FZ, Column_type=ascentis express c18, Corrected_Area_All=8986.2725, LabwareFileId=68340e09-880e-4f92-b2aa-4044e8b75dd2, Column_length=15cm}",Empower,Ref,Standard,35.0,Empower,1599,Waters68,demeutte,15.0,,,Ref,Standard,HEI_2024_1234,OG0653C_Assay_Atorvastatin,2024-06-25 10:15:44.000 UTC,2024-06-25,2024-06,35.0,Heist\Tetrascience\Atozet_As_DEG_Atorvastatin_new,1,"{LimsSampleId=7743904, Column_ID=4.6mm, Column_temp=35°C, LimsTestId=14473952, Column_nr=FZ, Column_type=ascentis express c18, LabwareFileId=68340e09-880e-4f92-b2aa-4044e8b75dd2, Column_length=15cm}",11
2024-06-20 14:11:42.000 UTC,2024-06-20,2024-06,Heist\Tetrascience\Atozet_As_DEG_Atorvastatin_new,Waters68,HEIST_2024_ZZZZ,OG0653C_Assay_Atorvastatin,,,RRT 0.86 (Desfluoro-imp Atov),vancaelk,,,88ca7cdb-c9a0-4b76-aed6-aea8afc40851,False,9621d455-af9a-588b-b738-7f447b09ed7b,W2489 ChA,,,,,,,,8.986,,,,,,,,,,"{ATTRIBUTE_15=0.00000000, LimsSampleId=7742785, Corr_Factor_Weight_Sample=1.0000000000, Column_ID=4.6mm, Column_nr=FZ, Column_type=ascentis express c18, Column_length=15cm, Volume_Sample_Solution=104.160000, Column_temp=35°C, LimsTestId=14472620, Assay_unit=mg/tab, Proc_Degr_Ref_Est_0=0.00000000, LabwareFileId=63af622c-86d2-436c-bb85-58ee51d4b08d}",Empower,7742785,Unknown,35.0,Empower,1408,Waters68,vancaelk,15.0,,,7742785,Unknown,HEIST_2024_ZZZZ,OG0653C_Assay_Atorvastatin,2024-06-20 14:11:42.000 UTC,2024-06-20,2024-06,35.0,Heist\Tetrascience\Atozet_As_DEG_Atorvastatin_new,2,"{LimsSampleId=7742785, Corr_Factor_Weight_Sample=1.0000000000, Volume_Sample_Solution=104.160000, Column_ID=4.6mm, Column_temp=35°C, LimsTestId=14472620, Assay_unit=mg/tab, Column_nr=FZ, Column_type=ascentis express c18, LabwareFileId=63af622c-86d2-436c-bb85-58ee51d4b08d, Column_length=15cm}",3
2024-06-25 11:27:33.000 UTC,2024-06-25,2024-06,Heist\Tetrascience\Atozet_As_DEG_Atorvastatin_new,Waters68,HEI_2024_1234,OG0653C_Assay_Atorvastatin,,,,demeutte,,,1c7e45e1-0945-4b31-bec0-3d30f8d2ff2b,False,b9964007-8451-592e-a3e0-5858699ddf74,W2489 ChA,2.025,2.433,0.11,0.046,2295.0,0.05,,2.189,,,,,,,,,,"{ATTRIBUTE_15=0.11572506, LimsSampleId=7743902, Corr_Factor_Weight_Sample=1.0000000000, Column_ID=4.6mm, Proc_Degr_Ref_Est=0.11572506, Final_Proc_Degr_Ref_Est=0.11572506, Column_nr=FZ, Column_type=ascentis express c18, Corrected_Area_All=2295.2341, Column_length=15cm, Volume_Sample_Solution=104.160000, Corr_Amount_Weight_Sample=0.04629003, Column_temp=35°C, LimsTestId=14473938, Assay_unit=mg/tab, Proc_Degr_Ref_Est_0=0.11572506, LabwareFileId=68340e09-880e-4f92-b2aa-4044e8b75dd2}",Empower,7743902,Unknown,35.0,Empower,1621,Waters68,demeutte,15.0,,,7743902,Unknown,HEI_2024_1234,OG0653C_Assay_Atorvastatin,2024-06-25 11:27:33.000 UTC,2024-06-25,2024-06,35.0,Heist\Tetrascience\Atozet_As_DEG_Atorvastatin_new,1,"{LimsSampleId=7743902, Corr_Factor_Weight_Sample=1.0000000000, Volume_Sample_Solution=104.160000, Column_ID=4.6mm, Column_temp=35°C, LimsTestId=14473938, Assay_unit=mg/tab, Column_nr=FZ, Column_type=ascentis express c18, LabwareFileId=68340e09-880e-4f92-b2aa-4044e8b75dd2, Column_length=15cm}",2
2024-06-20 13:00:07.000 UTC,2024-06-20,2024-06,Heist\Tetrascience\Atozet_As_DEG_Atorvastatin_new,Waters68,HEIST_2024_ZZZZ,OG0653C_Assay_Atorvastatin,,,Diketo Epoxide,vancaelk,,,d4907f41-25d5-4d6f-8046-4f8e4c203f6a,False,3c6b31fc-12f4-5701-9fb3-310439fd811c,W2489 ChA,,,,,,,,21.998,,,,,,,,,,,Empower,Ref,Standard,35.0,Empower,1402,Waters68,vancaelk,15.0,,,Ref,Standard,HEIST_2024_ZZZZ,OG0653C_Assay_Atorvastatin,2024-06-20 13:00:07.000 UTC,2024-06-20,2024-06,35.0,Heist\Tetrascience\Atozet_As_DEG_Atorvastatin_new,2,"{LimsSampleId=7742782, Column_ID=4.6mm, Column_temp=35°C, LimsTestId=14472588, Column_nr=FZ, Column_type=ascentis express c18, LabwareFileId=63af622c-86d2-436c-bb85-58ee51d4b08d, Column_length=15cm}",9
2024-06-25 09:03:54.000 UTC,2024-06-25,2024-06,Heist\Tetrascience\Atozet_As_DEG_Atorvastatin_new,Waters68,HEI_2024_1234,OG0653C_Assay_Atorvastatin,,,Atorvastatin,demeutte,,,b05e7489-af69-4f5b-81d0-8f9edaec3c03,False,fef96df1-3287-52aa-b833-1700f9764302,W2489 ChA,,,,,,,,10.038,,,,,,,,,,"{ATTRIBUTE_15=0.00000000, Column_ID=4.6mm, Column_temp=35°C, Final_Proc_Degr_Ref_Est=ND, Proc_Degr_Ref_Est_0=0.00000000, Column_nr=FZ, Column_type=ascentis express c18, LabwareFileId=68340e09-880e-4f92-b2aa-4044e8b75dd2, Column_length=15cm}",Empower,Diluent A,Unknown,35.0,Empower,1593,Waters68,demeutte,15.0,,,Diluent A,Unknown,HEI_2024_1234,OG0653C_Assay_Atorvastatin,2024-06-25 09:03:54.000 UTC,2024-06-25,2024-06,35.0,Heist\Tetrascience\Atozet_As_DEG_Atorvastatin_new,1,"{Column_ID=4.6mm, Column_temp=35°C, Column_nr=FZ, Column_type=ascentis express c18, LabwareFileId=68340e09-880e-4f92-b2aa-4044e8b75dd2, Column_length=15cm}",7
2025-04-01 15:56:35.000 UTC,2025-04-01,2025-04,Heist\2025_Q2\HPLC\Atozet\OG0421_Renitec_As_Enalapr_Degr,Waters47_PDA,HEI_2025_7126,OG0421_Assay_Enalapril_PDA,,,Diacid (Enalaprilat),hmeys,,,bcaf8d53-2593-4b23-8450-bc3ea6677783,False,e79af98b-2a93-5417-a5be-23f95c7fbeac,2998 Ch1 215nm@1.2nm,2.217,2.483,0.15,0.031,8733.0,0.07,5.788002,2.347,36.31099,1.053291,,,0.1683484,,0.07700522,,,"{Corrected_Area_Founds=8733.4752, ATTRIBUTE_15=0.14774985, Corr_Factor_Weight_Sample=1.0000000000, Column_ID=4.6 mm, Proc_Degr_Ref_Est=0.14774985, Max_result_Proc_Degr_Ref_Est0=0.15381560, Content_Water_In_Sample=0.000000000, Final_Proc_Degr_Ref_Est=0.14774985, Min_result_Proc_Degr_Ref_Est0=0.00000000, Column_nr=HE 1, Column_type=Platinum EPS C8, Corrected_Area_All=8733.4752, Column_length=25 cm , Volume_Sample_Solution=1000.000000, Corr_Amount_Weight_Sample=0.03080741, Column_temp=50°C, Proc_diff_Proc_Degr_Est_0=-100.0, Assay_unit=%, Proc_Degr_Ref_Est_0=0.14774985}",Empower,1000056455 20 mg prep 1,Unknown,10.0,Empower,1973,Waters47_PDA,hmeys,50.0,,,1000056455 20 mg prep 1,Unknown,HEI_2025_7126,OG0421_Assay_Enalapril_PDA,2025-04-01 15:56:35.000 UTC,2025-04-01,2025-04,10.0,Heist\2025_Q2\HPLC\Atozet\OG0421_Renitec_As_Enalapr_Degr,4,"{Corr_Factor_Weight_Sample=1.0000000000, Volume_Sample_Solution=1000.000000, Column_ID=4.6 mm, Column_temp=50°C, Content_Water_In_Sample=0.000000000, Assay_unit=%, Column_nr=HE 1, Column_type=Platinum EPS C8, Column_length=25 cm }",1
2025-04-01 14:23:22.000 UTC,2025-04-01,2025-04,Heist\2025_Q2\HPLC\Atozet\OG0421_Renitec_As_Enalapr_Degr,Waters47_PDA,HEI_2025_7126,OG0421_Assay_Enalapril_PDA,,,Hydrocinnamic Acid as Degs,hmeys,,,3edd7a42-c3c7-4c23-bb43-09653c1286fa,False,9f4c099e-df25-5d10-a1d2-5f4df44d23cb,2998 Ch1 215nm@1.2nm,,,,,,,,,,,,,,,,,,,Empower,1% Working STD Sol,Standard,10.0,Empower,1881,Waters47_PDA,hmeys,50.0,,,1% Working STD Sol,Standard,HEI_2025_7126,OG0421_Assay_Enalapril_PDA,2025-04-01 14:23:22.000 UTC,2025-04-01,2025-04,10.0,Heist\2025_Q2\HPLC\Atozet\OG0421_Renitec_As_Enalapr_Degr,6,"{Volume_Sample_Solution=0.000000, Column_ID=4.6 mm, Column_temp=50°C, Content_Water_In_Sample=0.000000000, Column_nr=HE 1, Column_type=Platinum EPS C8, Column_length=25 cm }",7
2025-06-11 04:43:18.000 UTC,2025-06-11,2025-06,Heist\2025_Q2\HPLC\Atozet\OG0653C_As_Atorva_Degr,Waters68,366,OG0653C_Assay_Atorvastatin,,,RRT 0.65 (deg Ezet),demeutte,,,31bcde56-2efe-4bfe-94f9-5c7afddb6176,False,2173b692-afb8-51b5-8153-54ca28209f3c,W2489 ChA,,,,,,,,6.86,,,,,,,,,,,Empower,STD,Standard,35.0,Empower,1253,Waters68,demeutte,15.0,,,STD,Standard,366,OG0653C_Assay_Atorvastatin,2025-06-11 04:43:18.000 UTC,2025-06-11,2025-06,35.0,Heist\2025_Q2\HPLC\Atozet\OG0653C_As_Atorva_Degr,1,"{LimsSampleId=7786902, Column_ID=4.6mm, Column_temp=35°C, ExperimentId=366, LimsTestId=14527279, Column_nr=47627389, Column_type=ascentis express c18, Column_length=15cm}",7
2025-06-10 22:44:03.000 UTC,2025-06-11,2025-06,Heist\2025_Q2\HPLC\Atozet\OG0653C_As_Atorva_Degr,Waters68,366,OG0653C_Assay_Atorvastatin,,,Atorvastatin Lactone,demeutte,,,83c695aa-932d-4df8-99bf-d6e8b75c3b7e,False,b3a79708-6d97-59f3-a6f2-60042fb7420d,W2489 ChA,16.475,17.075,,,4889.0,0.13,,16.754,,,,,,,,,,"{Corrected_Area_Founds=4889.1071, LimsSampleId=7786902, Column_ID=4.6mm, Identification_Procent=0.1063131156, Proc_RSD_References=8.323, Identification=CONFORMS, Identification_MIN=0.106, Column_nr=47627389, Column_type=ascentis express c18, Corrected_Area_All=4889.1071, Column_length=15cm, Column_temp=35°C, ExperimentId=366, LimsTestId=14527279, Identification_MAX=0.106}",Empower,STD,Standard,35.0,Empower,1102,Waters68,demeutte,15.0,,,STD,Standard,366,OG0653C_Assay_Atorvastatin,2025-06-10 22:44:03.000 UTC,2025-06-10,2025-06,35.0,Heist\2025_Q2\HPLC\Atozet\OG0653C_As_Atorva_Degr,1,"{LimsSampleId=7786902, Column_ID=4.6mm, Column_temp=35°C, ExperimentId=366, LimsTestId=14527279, Column_nr=47627389, Column_type=ascentis express c18, Column_length=15cm}",5
2025-08-28 11:20:12.000 UTC,2025-08-28,2025-08,Heist\2025_Q3\HPLC\Atozet\OG0653C_As_Atorva_Degr,Waters68,741,OG0653C_Assay_Atorvastatin,,,Atorvastatin Lactone,mees,,,ebe4c4f2-0d6e-4ffe-a4b0-59c6b70bd740,False,bbb55bf3-c004-55dd-8579-a365bce36047,W2489 ChA,16.542,16.967,0.42,0.082,30592.0,0.3,,16.797,,,,,,,,,,"{ATTRIBUTE_15=0.92420822, Corrected_Area_Founds=30591.7023, Corr_Factor_Weight_Sample=1.0000000000, Column_ID=4.6mm, Final_Proc_Degr_Ref_Est=0.92420822, Identification=CONFORMS, Identification_MIN=-0.204, Column_type=ascentis express c18, Corrected_Area_All=30591.7023, Column_length=15cm, Volume_Sample_Solution=104.160000, Corr_Amount_Weight_Sample=0.08225453, Column_temp=35°C, Identification_MAX=0.100, Assay_unit=mg/tab, Sampleinformation=REP2, LimsSampleId=7812432, Proc_Degr_Ref_Est=0.92420822, Identification_Procent=-0.1485843601, sample_pk=Identification Assay & Degradates (HPLC) - Atorvastatin_741_7812432_RPL2, Column_nr=7785779, ExperimentId=741, file_id=deefd4e1-7c2c-4044-afea-bf4fe2feb106, LimsTestId=14559126, Proc_Degr_Ref_Est_0=0.92420822}",Empower,TDP_EMPOWER_DRYRUN_11,Unknown,35.0,Empower,1647,Waters68,mees,15.0,,,TDP_EMPOWER_DRYRUN_11,Unknown,741,OG0653C_Assay_Atorvastatin,2025-08-28 11:20:12.000 UTC,2025-08-28,2025-08,35.0,Heist\2025_Q3\HPLC\Atozet\OG0653C_As_Atorva_Degr,2,"{LimsSampleId=7812432, Corr_Factor_Weight_Sample=1.0000000000, Column_ID=4.6mm, sample_pk=Identification Assay & Degradates (HPLC) - Atorvastatin_741_7812432_RPL2, Column_nr=7785779, Column_type=ascentis express c18, Column_length=15cm, Volume_Sample_Solution=104.160000, Column_temp=35°C, ExperimentId=741, file_id=deefd4e1-7c2c-4044-afea-bf4fe2feb106, LimsTestId=14559126, Assay_unit=mg/tab, Sampleinformation=REP2}",2
2024-06-25 11:27:33.000 UTC,2024-06-25,2024-06,Heist\Tetrascience\Atozet_As_DEG_Atorvastatin_new,Waters68,HEI_2024_1234,OG0653C_Assay_Atorvastatin,,,Atorvastatin Lactone,demeutte,,,1c7e45e1-0945-4b31-bec0-3d30f8d2ff2b,False,b9964007-8451-592e-a3e0-5858699ddf74,W2489 ChA,16.225,16.808,7.05,2.961,146812.0,2.89,,16.46,,,,,,,,,,"{ATTRIBUTE_15=7.40221060, Corrected_Area_Founds=146811.8134, LimsSampleId=7743902, Corr_Factor_Weight_Sample=1.0000000000, Column_ID=4.6mm, Proc_Degr_Ref_Est=7.40221060, Final_Proc_Degr_Ref_Est=7.40221060, Column_nr=FZ, Column_type=ascentis express c18, Corrected_Area_All=146811.8134, Column_length=15cm, Volume_Sample_Solution=104.160000, Corr_Amount_Weight_Sample=2.96088424, Column_temp=35°C, LimsTestId=14473938, Assay_unit=mg/tab, Proc_Degr_Ref_Est_0=7.40221060, LabwareFileId=68340e09-880e-4f92-b2aa-4044e8b75dd2}",Empower,7743902,Unknown,35.0,Empower,1621,Waters68,demeutte,15.0,,,7743902,Unknown,HEI_2024_1234,OG0653C_Assay_Atorvastatin,2024-06-25 11:27:33.000 UTC,2024-06-25,2024-06,35.0,Heist\Tetrascience\Atozet_As_DEG_Atorvastatin_new,1,"{LimsSampleId=7743902, Corr_Factor_Weight_Sample=1.0000000000, Volume_Sample_Solution=104.160000, Column_ID=4.6mm, Column_temp=35°C, LimsTestId=14473938, Assay_unit=mg/tab, Column_nr=FZ, Column_type=ascentis express c18, LabwareFileId=68340e09-880e-4f92-b2aa-4044e8b75dd2, Column_length=15cm}",2
2024-06-20 13:00:07.000 UTC,2024-06-20,2024-06,Heist\Tetrascience\Atozet_As_DEG_Atorvastatin_new,Waters68,HEIST_2024_ZZZZ,OG0653C_Assay_Atorvastatin,,,Dihydroxy epoxide,vancaelk,,,d4907f41-25d5-4d6f-8046-4f8e4c203f6a,False,3c6b31fc-12f4-5701-9fb3-310439fd811c,W2489 ChA,19.817,20.3,,,5410.0,0.15,,20.118,,,,,,,,,,"{Corrected_Area_Founds=5409.7507, LimsSampleId=7742782, Column_ID=4.6mm, Column_temp=35°C, LimsTestId=14472588, Column_nr=FZ, Column_type=ascentis express c18, Corrected_Area_All=5409.7507, LabwareFileId=63af622c-86d2-436c-bb85-58ee51d4b08d, Column_length=15cm}",Empower,Ref,Standard,35.0,Empower,1402,Waters68,vancaelk,15.0,,,Ref,Standard,HEIST_2024_ZZZZ,OG0653C_Assay_Atorvastatin,2024-06-20 13:00:07.000 UTC,2024-06-20,2024-06,35.0,Heist\Tetrascience\Atozet_As_DEG_Atorvastatin_new,2,"{LimsSampleId=7742782, Column_ID=4.6mm, Column_temp=35°C, LimsTestId=14472588, Column_nr=FZ, Column_type=ascentis express c18, LabwareFileId=63af622c-86d2-436c-bb85-58ee51d4b08d, Column_length=15cm}",9
2024-06-20 12:24:22.000 UTC,2024-06-20,2024-06,Heist\Tetrascience\Atozet_As_DEG_Atorvastatin_new,Waters68,HEIST_2024_ZZZZ,OG0653C_Assay_Atorvastatin,,,Hydroxyl isopropyl epoxide,vancaelk,,,f52eb800-aad8-474c-9c94-36d0148bff91,False,9e63f09c-a7cf-5022-8d63-871d54160816,W2489 ChA,,,,,,,,19.059,,,,,,,,,,"{ATTRIBUTE_15=0.00000000, Column_ID=4.6mm, Column_temp=35°C, Proc_Degr_Ref_Est_0=0.00000000, Final_Proc_Degr_Ref_Est=ND, Column_nr=FZ, Column_type=ascentis express c18, LabwareFileId=63af622c-86d2-436c-bb85-58ee51d4b08d, Column_length=15cm}",Empower,Combined SS,Unknown,35.0,Empower,1399,Waters68,vancaelk,15.0,,,Combined SS,Unknown,HEIST_2024_ZZZZ,OG0653C_Assay_Atorvastatin,2024-06-20 12:24:22.000 UTC,2024-06-20,2024-06,35.0,Heist\Tetrascience\Atozet_As_DEG_Atorvastatin_new,2,"{Column_ID=4.6mm, Column_temp=35°C, Column_nr=FZ, Column_type=ascentis express c18, LabwareFileId=63af622c-86d2-436c-bb85-58ee51d4b08d, Column_length=15cm}",2
2024-06-20 13:00:07.000 UTC,2024-06-20,2024-06,Heist\Tetrascience\Atozet_As_DEG_Atorvastatin_new,Waters68,HEIST_2024_ZZZZ,OG0653C_Assay_Atorvastatin,,,RRT 0.65 (deg Ezet),vancaelk,,,d4907f41-25d5-4d6f-8046-4f8e4c203f6a,False,3c6b31fc-12f4-5701-9fb3-310439fd811c,W2489 ChA,,,,,,,,6.86,,,,,,,,,,,Empower,Ref,Standard,35.0,Empower,1402,Waters68,vancaelk,15.0,,,Ref,Standard,HEIST_2024_ZZZZ,OG0653C_Assay_Atorvastatin,2024-06-20 13:00:07.000 UTC,2024-06-20,2024-06,35.0,Heist\Tetrascience\Atozet_As_DEG_Atorvastatin_new,2,"{LimsSampleId=7742782, Column_ID=4.6mm, Column_temp=35°C, LimsTestId=14472588, Column_nr=FZ, Column_type=ascentis express c18, LabwareFileId=63af622c-86d2-436c-bb85-58ee51d4b08d, Column_length=15cm}",9
2024-06-25 09:39:53.000 UTC,2024-06-25,2024-06,Heist\Tetrascience\Atozet_As_DEG_Atorvastatin_new,Waters68,HEI_2024_1234,OG0653C_Assay_Atorvastatin,,,Atorvastatin Lactone,demeutte,,,5ba36a38-3a47-4ccd-a317-deac06aca25c,False,7759dcde-1929-52ea-b039-1dfadcac7177,W2489 ChA,16.233,16.658,,,154066.0,3.01,,16.46,,,,,,,,,,"{ATTRIBUTE_15=0.00000000, Corrected_Area_Founds=154065.6248, Column_ID=4.6mm, Column_temp=35°C, Final_Proc_Degr_Ref_Est=ND, Proc_Degr_Ref_Est_0=0.00000000, Column_nr=FZ, Column_type=ascentis express c18, Corrected_Area_All=154065.6248, LabwareFileId=68340e09-880e-4f92-b2aa-4044e8b75dd2, Column_length=15cm}",Empower,Combined SS,Unknown,35.0,Empower,1596,Waters68,demeutte,15.0,,,Combined SS,Unknown,HEI_2024_1234,OG0653C_Assay_Atorvastatin,2024-06-25 09:39:53.000 UTC,2024-06-25,2024-06,35.0,Heist\Tetrascience\Atozet_As_DEG_Atorvastatin_new,1,"{Column_ID=4.6mm, Column_temp=35°C, Column_nr=FZ, Column_type=ascentis express c18, LabwareFileId=68340e09-880e-4f92-b2aa-4044e8b75dd2, Column_length=15cm}",4
2024-06-24 12:02:46.000 UTC,2024-06-24,2024-06,Heist\Tetrascience\Atozet_As_DEG_Atorvastatin_new,Waters68,HEI_2024_3333,OG0653C_Assay_Atorvastatin,,,SCH59566 (deg Ezet),demeutte,,,1b1eb5b0-b23d-4e8a-8afb-986bfd95bf24,False,a975fb23-f2d3-51e3-953b-c3adc8871ac2,W2489 ChA,,,,,,,,12.836,,,,,,,,,,,Empower,Ref,Standard,35.0,Empower,1529,Waters68,demeutte,15.0,,,Ref,Standard,HEI_2024_3333,OG0653C_Assay_Atorvastatin,2024-06-24 12:02:46.000 UTC,2024-06-24,2024-06,35.0,Heist\Tetrascience\Atozet_As_DEG_Atorvastatin_new,1,"{LimsSampleId=7743898, Column_ID=4.6mm, Column_temp=35°C, LimsTestId=14473895, Column_nr=FZ, Column_type=ascentis express c18, LabwareFileId=f3491c0e-602a-4d32-be77-5e4d728b6d92, Column_length=15cm}",10
2024-06-24 12:02:46.000 UTC,2024-06-24,2024-06,Heist\Tetrascience\Atozet_As_DEG_Atorvastatin_new,Waters68,HEI_2024_3333,OG0653C_Assay_Atorvastatin,,,RRT 1.91,demeutte,,,1b1eb5b0-b23d-4e8a-8afb-986bfd95bf24,False,a975fb23-f2d3-51e3-953b-c3adc8871ac2,W2489 ChA,18.442,19.017,,,3368.0,0.09,,18.616,,,,,,,,,,"{Corrected_Area_Founds=3368.1824, LimsSampleId=7743898, Column_ID=4.6mm, Column_temp=35°C, LimsTestId=14473895, Column_nr=FZ, Column_type=ascentis express c18, Corrected_Area_All=3368.1824, LabwareFileId=f3491c0e-602a-4d32-be77-5e4d728b6d92, Column_length=15cm}",Empower,Ref,Standard,35.0,Empower,1529,Waters68,demeutte,15.0,,,Ref,Standard,HEI_2024_3333,OG0653C_Assay_Atorvastatin,2024-06-24 12:02:46.000 UTC,2024-06-24,2024-06,35.0,Heist\Tetrascience\Atozet_As_DEG_Atorvastatin_new,1,"{LimsSampleId=7743898, Column_ID=4.6mm, Column_temp=35°C, LimsTestId=14473895, Column_nr=FZ, Column_type=ascentis express c18, LabwareFileId=f3491c0e-602a-4d32-be77-5e4d728b6d92, Column_length=15cm}",10
2024-06-25 10:51:39.000 UTC,2024-06-25,2024-06,Heist\Tetrascience\Atozet_As_DEG_Atorvastatin_new,Waters68,HEI_2024_1234,OG0653C_Assay_Atorvastatin,,,,demeutte,,,1dfbc861-e5a2-489d-9a4d-07739891ec41,False,f6615217-6243-55b0-a938-95e44d85fdaf,W2489 ChA,11.342,11.867,0.12,0.048,2399.0,0.05,,11.62,,,,,,,,,,"{ATTRIBUTE_15=0.12097812, LimsSampleId=7743902, Corr_Factor_Weight_Sample=1.0000000000, Column_ID=4.6mm, Proc_Degr_Ref_Est=0.12097812, Final_Proc_Degr_Ref_Est=0.12097812, Column_nr=FZ, Column_type=ascentis express c18, Corrected_Area_All=2399.4207, Column_length=15cm, Volume_Sample_Solution=104.160000, Corr_Amount_Weight_Sample=0.04839125, Column_temp=35°C, LimsTestId=14473937, Assay_unit=mg/tab, Proc_Degr_Ref_Est_0=0.12097812, LabwareFileId=68340e09-880e-4f92-b2aa-4044e8b75dd2}",Empower,7743902,Unknown,35.0,Empower,1618,Waters68,demeutte,15.0,,,7743902,Unknown,HEI_2024_1234,OG0653C_Assay_Atorvastatin,2024-06-25 10:51:39.000 UTC,2024-06-25,2024-06,35.0,Heist\Tetrascience\Atozet_As_DEG_Atorvastatin_new,1,"{LimsSampleId=7743902, Corr_Factor_Weight_Sample=1.0000000000, Volume_Sample_Solution=104.160000, Column_ID=4.6mm, Column_temp=35°C, LimsTestId=14473937, Assay_unit=mg/tab, Column_nr=FZ, Column_type=ascentis express c18, LabwareFileId=68340e09-880e-4f92-b2aa-4044e8b75dd2, Column_length=15cm}",1
2024-06-24 13:14:40.000 UTC,2024-06-24,2024-06,Heist\Tetrascience\Atozet_As_DEG_Atorvastatin_new,Waters68,HEI_2024_3333,OG0653C_Assay_Atorvastatin,,,RRT 1.91,demeutte,,,9316b8b4-a3a4-461f-8540-cb3c922e37e0,False,d7da01d2-dae3-5fc2-8233-43598414735d,W2489 ChA,,,,,,,,18.853,,,,,,,,,,"{ATTRIBUTE_15=0.00000000, LimsSampleId=7743901, Corr_Factor_Weight_Sample=1.0000000000, Column_ID=4.6mm, Final_Proc_Degr_Ref_Est=ND, Column_nr=FZ, Column_type=ascentis express c18, Column_length=15cm, Volume_Sample_Solution=104.160000, Column_temp=35°C, LimsTestId=14473910, Assay_unit=mg/tab, Proc_Degr_Ref_Est_0=0.00000000, LabwareFileId=f3491c0e-602a-4d32-be77-5e4d728b6d92}",Empower,7743901,Unknown,35.0,Empower,1535,Waters68,demeutte,15.0,,,7743901,Unknown,HEI_2024_3333,OG0653C_Assay_Atorvastatin,2024-06-24 13:14:40.000 UTC,2024-06-24,2024-06,35.0,Heist\Tetrascience\Atozet_As_DEG_Atorvastatin_new,1,"{LimsSampleId=7743901, Corr_Factor_Weight_Sample=1.0000000000, Volume_Sample_Solution=104.160000, Column_ID=4.6mm, Column_temp=35°C, LimsTestId=14473910, Assay_unit=mg/tab, Column_nr=FZ, Column_type=ascentis express c18, LabwareFileId=f3491c0e-602a-4d32-be77-5e4d728b6d92, Column_length=15cm}",2
2024-06-24 12:02:46.000 UTC,2024-06-24,2024-06,Heist\Tetrascience\Atozet_As_DEG_Atorvastatin_new,Waters68,HEI_2024_3333,OG0653C_Assay_Atorvastatin,,,Hydroxyl isopropyl epoxide,demeutte,,,1b1eb5b0-b23d-4e8a-8afb-986bfd95bf24,False,a975fb23-f2d3-51e3-953b-c3adc8871ac2,W2489 ChA,,,,,,,,18.235,,,,,,,,,,,Empower,Ref,Standard,35.0,Empower,1529,Waters68,demeutte,15.0,,,Ref,Standard,HEI_2024_3333,OG0653C_Assay_Atorvastatin,2024-06-24 12:02:46.000 UTC,2024-06-24,2024-06,35.0,Heist\Tetrascience\Atozet_As_DEG_Atorvastatin_new,1,"{LimsSampleId=7743898, Column_ID=4.6mm, Column_temp=35°C, LimsTestId=14473895, Column_nr=FZ, Column_type=ascentis express c18, LabwareFileId=f3491c0e-602a-4d32-be77-5e4d728b6d92, Column_length=15cm}",10
2024-06-20 12:24:22.000 UTC,2024-06-20,2024-06,Heist\Tetrascience\Atozet_As_DEG_Atorvastatin_new,Waters68,HEIST_2024_ZZZZ,OG0653C_Assay_Atorvastatin,,,Ezetimibe,vancaelk,,,f52eb800-aad8-474c-9c94-36d0148bff91,False,9e63f09c-a7cf-5022-8d63-871d54160816,W2489 ChA,7.617,8.683,,,2583732.0,52.0,,7.87,,,,,,,,,,"{Corrected_Area_Founds=2583731.8176, ATTRIBUTE_15=0.00000000, Column_ID=4.6mm, Column_temp=35°C, Proc_Degr_Ref_Est_0=0.00000000, Column_nr=FZ, Column_type=ascentis express c18, Corrected_Area_All=2583731.8176, LabwareFileId=63af622c-86d2-436c-bb85-58ee51d4b08d, Column_length=15cm}",Empower,Combined SS,Unknown,35.0,Empower,1399,Waters68,vancaelk,15.0,,,Combined SS,Unknown,HEIST_2024_ZZZZ,OG0653C_Assay_Atorvastatin,2024-06-20 12:24:22.000 UTC,2024-06-20,2024-06,35.0,Heist\Tetrascience\Atozet_As_DEG_Atorvastatin_new,2,"{Column_ID=4.6mm, Column_temp=35°C, Column_nr=FZ, Column_type=ascentis express c18, LabwareFileId=63af622c-86d2-436c-bb85-58ee51d4b08d, Column_length=15cm}",2
2024-06-24 10:50:51.000 UTC,2024-06-24,2024-06,Heist\Tetrascience\Atozet_As_DEG_Atorvastatin_new,Waters68,HEI_2024_3333,OG0653C_Assay_Atorvastatin,,,Diketo Epoxide,demeutte,,,8306cdbe-1fa0-439b-9bba-8c69dd7c7539,False,55c493b7-5389-5fb0-b5e1-8a5a76fbadc6,W2489 ChA,,,,,,,,22.372,,,,,,,,,,"{ATTRIBUTE_15=0.00000000, Column_ID=4.6mm, Column_temp=35°C, Final_Proc_Degr_Ref_Est=ND, Proc_Degr_Ref_Est_0=0.00000000, Column_nr=FZ, Column_type=ascentis express c18, LabwareFileId=f3491c0e-602a-4d32-be77-5e4d728b6d92, Column_length=15cm}",Empower,Diluent A,Unknown,35.0,Empower,1523,Waters68,demeutte,15.0,,,Diluent A,Unknown,HEI_2024_3333,OG0653C_Assay_Atorvastatin,2024-06-24 10:50:51.000 UTC,2024-06-24,2024-06,35.0,Heist\Tetrascience\Atozet_As_DEG_Atorvastatin_new,1,"{Column_ID=4.6mm, Column_temp=35°C, Column_nr=FZ, Column_type=ascentis express c18, LabwareFileId=f3491c0e-602a-4d32-be77-5e4d728b6d92, Column_length=15cm}",6
2024-06-24 10:50:51.000 UTC,2024-06-24,2024-06,Heist\Tetrascience\Atozet_As_DEG_Atorvastatin_new,Waters68,HEI_2024_3333,OG0653C_Assay_Atorvastatin,,,SCH59566 (deg Ezet),demeutte,,,8306cdbe-1fa0-439b-9bba-8c69dd7c7539,False,55c493b7-5389-5fb0-b5e1-8a5a76fbadc6,W2489 ChA,,,,,,,,12.836,,,,,,,,,,"{ATTRIBUTE_15=0.00000000, Column_ID=4.6mm, Column_temp=35°C, Proc_Degr_Ref_Est_0=0.00000000, Column_nr=FZ, Column_type=ascentis express c18, LabwareFileId=f3491c0e-602a-4d32-be77-5e4d728b6d92, Column_length=15cm}",Empower,Diluent A,Unknown,35.0,Empower,1523,Waters68,demeutte,15.0,,,Diluent A,Unknown,HEI_2024_3333,OG0653C_Assay_Atorvastatin,2024-06-24 10:50:51.000 UTC,2024-06-24,2024-06,35.0,Heist\Tetrascience\Atozet_As_DEG_Atorvastatin_new,1,"{Column_ID=4.6mm, Column_temp=35°C, Column_nr=FZ, Column_type=ascentis express c18, LabwareFileId=f3491c0e-602a-4d32-be77-5e4d728b6d92, Column_length=15cm}",6
2024-06-20 12:24:22.000 UTC,2024-06-20,2024-06,Heist\Tetrascience\Atozet_As_DEG_Atorvastatin_new,Waters68,HEIST_2024_ZZZZ,OG0653C_Assay_Atorvastatin,,,RRT 1.91,vancaelk,,,f52eb800-aad8-474c-9c94-36d0148bff91,False,9e63f09c-a7cf-5022-8d63-871d54160816,W2489 ChA,,,,,,,,19.622,,,,,,,,,,"{ATTRIBUTE_15=0.00000000, Column_ID=4.6mm, Column_temp=35°C, Final_Proc_Degr_Ref_Est=ND, Proc_Degr_Ref_Est_0=0.00000000, Column_nr=FZ, Column_type=ascentis express c18, LabwareFileId=63af622c-86d2-436c-bb85-58ee51d4b08d, Column_length=15cm}",Empower,Combined SS,Unknown,35.0,Empower,1399,Waters68,vancaelk,15.0,,,Combined SS,Unknown,HEIST_2024_ZZZZ,OG0653C_Assay_Atorvastatin,2024-06-20 12:24:22.000 UTC,2024-06-20,2024-06,35.0,Heist\Tetrascience\Atozet_As_DEG_Atorvastatin_new,2,"{Column_ID=4.6mm, Column_temp=35°C, Column_nr=FZ, Column_type=ascentis express c18, LabwareFileId=63af622c-86d2-436c-bb85-58ee51d4b08d, Column_length=15cm}",2
2024-06-24 11:26:51.000 UTC,2024-06-24,2024-06,Heist\Tetrascience\Atozet_As_DEG_Atorvastatin_new,Waters68,HEI_2024_3333,OG0653C_Assay_Atorvastatin,,,,demeutte,,,e64e9707-b94c-44c7-a50c-bc3f1303b7f0,False,40863923-4f5e-5e18-acab-7fa0a323c674,W2489 ChA,3.642,4.15,,,34017.0,0.67,,3.766,,,,,,,,,,"{ATTRIBUTE_15=0.00000000, Column_ID=4.6mm, Column_temp=35°C, Final_Proc_Degr_Ref_Est=ND, Proc_Degr_Ref_Est_0=0.00000000, Column_nr=FZ, Column_type=ascentis express c18, Corrected_Area_All=34017.2051, LabwareFileId=f3491c0e-602a-4d32-be77-5e4d728b6d92, Column_length=15cm}",Empower,Combined SS,Unknown,35.0,Empower,1526,Waters68,demeutte,15.0,,,Combined SS,Unknown,HEI_2024_3333,OG0653C_Assay_Atorvastatin,2024-06-24 11:26:51.000 UTC,2024-06-24,2024-06,35.0,Heist\Tetrascience\Atozet_As_DEG_Atorvastatin_new,1,"{Column_ID=4.6mm, Column_temp=35°C, Column_nr=FZ, Column_type=ascentis express c18, LabwareFileId=f3491c0e-602a-4d32-be77-5e4d728b6d92, Column_length=15cm}",3
2024-06-20 14:11:42.000 UTC,2024-06-20,2024-06,Heist\Tetrascience\Atozet_As_DEG_Atorvastatin_new,Waters68,HEIST_2024_ZZZZ,OG0653C_Assay_Atorvastatin,,,Ezetimibe,vancaelk,,,88ca7cdb-c9a0-4b76-aed6-aea8afc40851,False,9621d455-af9a-588b-b738-7f447b09ed7b,W2489 ChA,7.308,8.358,,,2564282.0,51.9,,7.573,,,,,,,,,,"{ATTRIBUTE_15=0.00000000, Corrected_Area_Founds=2564282.4509, LimsSampleId=7742785, Corr_Factor_Weight_Sample=1.0000000000, Column_ID=4.6mm, Column_nr=FZ, Column_type=ascentis express c18, Corrected_Area_All=2564282.4509, Column_length=15cm, Volume_Sample_Solution=104.160000, Column_temp=35°C, LimsTestId=14472620, Assay_unit=mg/tab, Proc_Degr_Ref_Est_0=0.00000000, LabwareFileId=63af622c-86d2-436c-bb85-58ee51d4b08d}",Empower,7742785,Unknown,35.0,Empower,1408,Waters68,vancaelk,15.0,,,7742785,Unknown,HEIST_2024_ZZZZ,OG0653C_Assay_Atorvastatin,2024-06-20 14:11:42.000 UTC,2024-06-20,2024-06,35.0,Heist\Tetrascience\Atozet_As_DEG_Atorvastatin_new,2,"{LimsSampleId=7742785, Corr_Factor_Weight_Sample=1.0000000000, Volume_Sample_Solution=104.160000, Column_ID=4.6mm, Column_temp=35°C, LimsTestId=14472620, Assay_unit=mg/tab, Column_nr=FZ, Column_type=ascentis express c18, LabwareFileId=63af622c-86d2-436c-bb85-58ee51d4b08d, Column_length=15cm}",3
2025-08-28 10:44:14.000 UTC,2025-08-28,2025-08,Heist\2025_Q3\HPLC\Atozet\OG0653C_As_Atorva_Degr,Waters68,741,OG0653C_Assay_Atorvastatin,,,Hydroxyl isopropyl epoxide,mees,,,e5106061-996a-48b0-ad07-359248130c9f,False,31ca5903-9d54-5411-aee5-8d6742e41323,W2489 ChA,18.642,19.092,0.15,0.03,11175.0,0.11,,18.881,,,,,,,,,,"{ATTRIBUTE_15=0.67521144, Corrected_Area_Founds=11174.8991, Corr_Factor_Weight_Sample=1.0000000000, Column_ID=4.6mm, Final_Proc_Degr_Ref_Est=0.67521144, Identification=CONFORMS, Identification_MIN=-0.100, Column_type=ascentis express c18, Corrected_Area_All=11174.8991, Column_length=15cm, Volume_Sample_Solution=104.160000, Corr_Amount_Weight_Sample=0.03004691, Column_temp=35°C, Identification_MAX=0.127, Assay_unit=mg/tab, Sampleinformation=REP1, LimsSampleId=7812432, Proc_Degr_Ref_Est=0.67521144, Identification_Procent=-0.0721785782, sample_pk=Identification Assay & Degradates (HPLC) - Atorvastatin_741_7812432_RPL1, Column_nr=7785779, ExperimentId=741, file_id=deefd4e1-7c2c-4044-afea-bf4fe2feb106, LimsTestId=14559125, Proc_Degr_Ref_Est_0=0.67521144}",Empower,TDP_EMPOWER_DRYRUN_11,Unknown,35.0,Empower,1644,Waters68,mees,15.0,,,TDP_EMPOWER_DRYRUN_11,Unknown,741,OG0653C_Assay_Atorvastatin,2025-08-28 10:44:14.000 UTC,2025-08-28,2025-08,35.0,Heist\2025_Q3\HPLC\Atozet\OG0653C_As_Atorva_Degr,2,"{LimsSampleId=7812432, Corr_Factor_Weight_Sample=1.0000000000, Column_ID=4.6mm, sample_pk=Identification Assay & Degradates (HPLC) - Atorvastatin_741_7812432_RPL1, Column_nr=7785779, Column_type=ascentis express c18, Column_length=15cm, Volume_Sample_Solution=104.160000, Column_temp=35°C, ExperimentId=741, file_id=deefd4e1-7c2c-4044-afea-bf4fe2feb106, LimsTestId=14559125, Assay_unit=mg/tab, Sampleinformation=REP1}",1
2025-08-01 12:15:16.000 UTC,2025-08-01,2025-08,Heist\2025_Q3\HPLC\Atozet\OG0653C_As_Atorva_Degr,Waters68,533,OG0653C_Assay_Atorvastatin,,,,mees,,,3b6c08ea-dcae-40fa-a9ab-61d978fedb20,False,bba6e383-c715-59c4-aca9-e01774950191,W2489 ChA,2.092,2.433,0.12,0.011,4137.0,0.05,,2.241,,,,,,,,,,"{ATTRIBUTE_15=0.17847375, LimsSampleId=7810264, Corr_Factor_Weight_Sample=1.0000000000, Column_ID=4.6mm, Proc_Degr_Ref_Est=0.17847375, sample_pk=Identification Assay & Degradates (HPLC) - Atorvastatin_533_7810264_RPL1, Final_Proc_Degr_Ref_Est=0.17847375, Column_nr=7796323, Column_type=ascentis express c18, Corrected_Area_All=4137.4684, Column_length=15cm, Volume_Sample_Solution=104.000000, Corr_Amount_Weight_Sample=0.01070842, Column_temp=35°C, ExperimentId=533, file_id=d722aa1d-af9f-450f-add2-680348e26ae6, LimsTestId=14556305, Assay_unit=mg/tab, Proc_Degr_Ref_Est_0=0.17847375, Sampleinformation=REP1}",Empower,TDP_EMPOWER_DRYRUN_02,Unknown,35.0,Empower,1297,Waters68,mees,15.0,,,TDP_EMPOWER_DRYRUN_02,Unknown,533,OG0653C_Assay_Atorvastatin,2025-08-01 12:15:16.000 UTC,2025-08-01,2025-08,35.0,Heist\2025_Q3\HPLC\Atozet\OG0653C_As_Atorva_Degr,1,"{LimsSampleId=7810264, Corr_Factor_Weight_Sample=1.0000000000, Column_ID=4.6mm, sample_pk=Identification Assay & Degradates (HPLC) - Atorvastatin_533_7810264_RPL1, Column_nr=7796323, Column_type=ascentis express c18, Column_length=15cm, Volume_Sample_Solution=104.000000, Column_temp=35°C, ExperimentId=533, file_id=d722aa1d-af9f-450f-add2-680348e26ae6, LimsTestId=14556305, Assay_unit=mg/tab, Sampleinformation=REP1}",1
2023-08-31 03:31:41.000 UTC,2023-08-31,2023-08,N/A (Chromeleon),CRONUS,iec_quant_test_1,iec_quant_method_v2,,,sulfate,cmadmin,,,d870ecc9-01e1-46a8-86ff-44b76ba4dcfa,False,37b864e7-d0ca-1eb9-3d2a-a66b3cd06229,CD_2,2.9966666666666666,3.716666666666667,,,0.0933254845901911,29.562119256686028,,3.16,186.8360361106118,,,,,,,,,,Chromeleon,IEC_method_cal_14,Unknown,4.5,Chromeleon,IEC_method_cal_14:14.0,CRONUS,cmadmin,20.0,,,IEC_method_cal_14,Unknown,iec_quant_test_1,iec_quant_method_v2,2023-08-31 03:31:41.000 UTC,2023-08-31,2023-08,4.5,N/A (Chromeleon),4,,1
2023-08-31 03:31:41.000 UTC,2023-08-31,2023-08,N/A (Chromeleon),CRONUS,iec_quant_test_1,iec_quant_method_v2,,,phosphate,cmadmin,,,d870ecc9-01e1-46a8-86ff-44b76ba4dcfa,False,37b864e7-d0ca-1eb9-3d2a-a66b3cd06229,CD_2,2.6100000000000003,2.9966666666666666,,,0.0350306455005936,11.09643442490181,1.561014277935952,2.83,81.77700379036852,,,,,,,,,,Chromeleon,IEC_method_cal_14,Unknown,4.5,Chromeleon,IEC_method_cal_14:14.0,CRONUS,cmadmin,20.0,,,IEC_method_cal_14,Unknown,iec_quant_test_1,iec_quant_method_v2,2023-08-31 03:31:41.000 UTC,2023-08-31,2023-08,4.5,N/A (Chromeleon),4,,1
2023-08-31 03:31:41.000 UTC,2023-08-31,2023-08,N/A (Chromeleon),CRONUS,iec_quant_test_1,iec_quant_method_v2,,,nitrite,cmadmin,,,d870ecc9-01e1-46a8-86ff-44b76ba4dcfa,False,37b864e7-d0ca-1eb9-3d2a-a66b3cd06229,CD_2,1.856666666666667,2.4066666666666667,,,0.0499325142510639,15.81680446191084,5.3175594873011285,1.9366666666666668,245.92500125243245,,,,,,,,,,Chromeleon,IEC_method_cal_14,Unknown,4.5,Chromeleon,IEC_method_cal_14:14.0,CRONUS,cmadmin,20.0,,,IEC_method_cal_14,Unknown,iec_quant_test_1,iec_quant_method_v2,2023-08-31 03:31:41.000 UTC,2023-08-31,2023-08,4.5,N/A (Chromeleon),4,,1
2023-08-31 03:31:41.000 UTC,2023-08-31,2023-08,N/A (Chromeleon),CRONUS,iec_quant_test_1,iec_quant_method_v2,,,bromide,cmadmin,,,d870ecc9-01e1-46a8-86ff-44b76ba4dcfa,False,37b864e7-d0ca-1eb9-3d2a-a66b3cd06229,CD_2,1.67,1.856666666666667,,,0.0354048605552748,11.21497214396869,1.4475037544401117,1.7533333333333334,213.01979582660024,,,,,,,,,,Chromeleon,IEC_method_cal_14,Unknown,4.5,Chromeleon,IEC_method_cal_14:14.0,CRONUS,cmadmin,20.0,,,IEC_method_cal_14,Unknown,iec_quant_test_1,iec_quant_method_v2,2023-08-31 03:31:41.000 UTC,2023-08-31,2023-08,4.5,N/A (Chromeleon),4,,1
2023-08-31 03:31:41.000 UTC,2023-08-31,2023-08,N/A (Chromeleon),CRONUS,iec_quant_test_1,iec_quant_method_v2,,,nitrate,cmadmin,,,d870ecc9-01e1-46a8-86ff-44b76ba4dcfa,False,37b864e7-d0ca-1eb9-3d2a-a66b3cd06229,CD_2,1.4300000000000002,1.67,,,0.0481450806858766,15.25061051767899,2.106057094895202,1.5100000000000002,301.68818137317743,,,,,,,,,,Chromeleon,IEC_method_cal_14,Unknown,4.5,Chromeleon,IEC_method_cal_14:14.0,CRONUS,cmadmin,20.0,,,IEC_method_cal_14,Unknown,iec_quant_test_1,iec_quant_method_v2,2023-08-31 03:31:41.000 UTC,2023-08-31,2023-08,4.5,N/A (Chromeleon),4,,1
2023-08-31 03:31:41.000 UTC,2023-08-31,2023-08,N/A (Chromeleon),CRONUS,iec_quant_test_1,iec_quant_method_v2,,,chloride,cmadmin,,,d870ecc9-01e1-46a8-86ff-44b76ba4dcfa,False,37b864e7-d0ca-1eb9-3d2a-a66b3cd06229,CD_2,1.2033333333333334,1.4300000000000002,,,0.0270094404534181,8.555608398354135,2.093570981165416,1.2933333333333334,196.49800188587304,,,,,,,,,,Chromeleon,IEC_method_cal_14,Unknown,4.5,Chromeleon,IEC_method_cal_14:14.0,CRONUS,cmadmin,20.0,,,IEC_method_cal_14,Unknown,iec_quant_test_1,iec_quant_method_v2,2023-08-31 03:31:41.000 UTC,2023-08-31,2023-08,4.5,N/A (Chromeleon),4,,1
2023-08-31 03:31:41.000 UTC,2023-08-31,2023-08,N/A (Chromeleon),CRONUS,iec_quant_test_1,iec_quant_method_v2,,,fluoride,cmadmin,,,d870ecc9-01e1-46a8-86ff-44b76ba4dcfa,False,37b864e7-d0ca-1eb9-3d2a-a66b3cd06229,CD_2,0.8733333333333333,1.1666666666666667,,,0.026844782655177,8.50345079649949,3.629422285409917,0.95,196.77335452683343,,,,,,,,,,Chromeleon,IEC_method_cal_14,Unknown,4.5,Chromeleon,IEC_method_cal_14:14.0,CRONUS,cmadmin,20.0,,,IEC_method_cal_14,Unknown,iec_quant_test_1,iec_quant_method_v2,2023-08-31 03:31:41.000 UTC,2023-08-31,2023-08,4.5,N/A (Chromeleon),4,,1
2023-08-31 03:31:41.000 UTC,2023-08-31,2023-08,N/A (Chromeleon),CRONUS,iec_quant_test_1,iec_quant_method_v2,,,,cmadmin,,,d870ecc9-01e1-46a8-86ff-44b76ba4dcfa,False,cdee566e-0176-c52e-7783-a140fc2a5ddf,CD_1_Total,3.65,3.91,,,0.0098492373269449,0.2606345907757897,,3.8933333333333335,,,,,,,,,,,Chromeleon,IEC_method_cal_14,Unknown,4.5,Chromeleon,IEC_method_cal_14:14.0,CRONUS,cmadmin,20.0,,,IEC_method_cal_14,Unknown,iec_quant_test_1,iec_quant_method_v2,2023-08-31 03:31:41.000 UTC,2023-08-31,2023-08,4.5,N/A (Chromeleon),4,,1
2025-04-01 16:31:28.000 UTC,2025-04-01,2025-04,Heist\2025_Q2\HPLC\Atozet\OG0421_Renitec_As_Enalapr_Degr,Waters47_PDA,HEI_2025_7126,OG0421_Assay_Enalapril_PDA,,,RRT 0.16,hmeys,,,35a1263b-db68-4304-ae81-b52cff2b367f,False,2d81e013-c1c3-5fff-919e-2c0bf49ea439,2998 Ch1 215nm@1.2nm,,,,,,,,0.94,,,,,,,,,,,Empower,1% Working STD Sol,Standard,10.0,Empower,1982,Waters47_PDA,hmeys,50.0,,,1% Working STD Sol,Standard,HEI_2025_7126,OG0421_Assay_Enalapril_PDA,2025-04-01 16:31:28.000 UTC,2025-04-01,2025-04,10.0,Heist\2025_Q2\HPLC\Atozet\OG0421_Renitec_As_Enalapr_Degr,6,"{Volume_Sample_Solution=0.000000, Column_ID=4.6 mm, Column_temp=50°C, Content_Water_In_Sample=0.000000000, Column_nr=HE 1, Column_type=Platinum EPS C8, Column_length=25 cm }",10
2025-04-01 13:36:53.000 UTC,2025-04-01,2025-04,Heist\2025_Q2\HPLC\Atozet\OG0421_Renitec_As_Enalapr_Degr,Waters47_PDA,HEI_2025_7126,OG0421_Assay_Enalapril_PDA,,,Hydrocinnamic Acid as Degs,hmeys,,,ee933efb-657c-476d-b7b5-86e280b051a5,False,8880e973-611e-5146-a972-1aa44f737da9,2998 Ch1 215nm@1.2nm,,,,,,,,,,,,,,,,,,,Empower,Working STD Sol,Standard,10.0,Empower,1801,Waters47_PDA,hmeys,50.0,,,Working STD Sol,Standard,HEI_2025_7126,OG0421_Assay_Enalapril_PDA,2025-04-01 13:36:53.000 UTC,2025-04-01,2025-04,10.0,Heist\2025_Q2\HPLC\Atozet\OG0421_Renitec_As_Enalapr_Degr,6,"{Volume_Sample_Solution=0.000000, Column_ID=4.6 mm, Column_temp=50°C, Content_Water_In_Sample=0.000000000, Column_nr=HE 1, Column_type=Platinum EPS C8, Column_length=25 cm }",4
2025-04-01 14:46:40.000 UTC,2025-04-01,2025-04,Heist\2025_Q2\HPLC\Atozet\OG0421_Renitec_As_Enalapr_Degr,Waters47_PDA,HEI_2025_7126,OG0421_Assay_Enalapril_PDA,,,Hydrocinnamic Acid,hmeys,,,8df010f9-518c-4191-b1f6-e4734b30b8e1,False,fef71543-a491-516c-b01a-91120c522883,2998 Ch1 215nm@1.2nm,,,,,,,,3.093,,,,,,,,,,,Empower,Working STD Sol,Standard,10.0,Empower,1921,Waters47_PDA,hmeys,50.0,,,Working STD Sol,Standard,HEI_2025_7126,OG0421_Assay_Enalapril_PDA,2025-04-01 14:46:40.000 UTC,2025-04-01,2025-04,10.0,Heist\2025_Q2\HPLC\Atozet\OG0421_Renitec_As_Enalapr_Degr,6,"{Volume_Sample_Solution=0.000000, Column_ID=4.6 mm, Column_temp=50°C, Content_Water_In_Sample=0.000000000, Column_nr=HE 1, Column_type=Platinum EPS C8, Column_length=25 cm }",6
2025-04-01 11:52:08.000 UTC,2025-04-01,2025-04,Heist\2025_Q2\HPLC\Atozet\OG0421_Renitec_As_Enalapr_Degr,Waters47_PDA,HEI_2025_7126,OG0421_Assay_Enalapril_PDA,,,Diacid as Degradates,hmeys,,,9fc6809b-b346-41a0-98ed-d4b99854420f,False,d5a70120-833f-5229-9e43-4df117922ee7,2998 Ch1 215nm@1.2nm,,,,,,,,,,,,,,,,,,,Empower,1% Working STD Sol,Standard,10.0,Empower,1621,Waters47_PDA,hmeys,50.0,,,1% Working STD Sol,Standard,HEI_2025_7126,OG0421_Assay_Enalapril_PDA,2025-04-01 11:52:08.000 UTC,2025-04-01,2025-04,10.0,Heist\2025_Q2\HPLC\Atozet\OG0421_Renitec_As_Enalapr_Degr,6,"{Volume_Sample_Solution=0.000000, Column_ID=4.6 mm, Column_temp=50°C, Content_Water_In_Sample=0.000000000, Column_nr=HE 1, Column_type=Platinum EPS C8, Column_length=25 cm }",1
2025-09-01 12:10:45.000 UTC,2025-09-01,2025-09,Heist\2025_Q3\HPLC\Atozet\OG0653C_As_Atorva_Degr,Waters68,791,OG0653C_Assay_Atorvastatin,,,Diepoxy epoxide,demeutte,,,1e8ac008-c5e1-4bcb-9d31-b52f2d5ccf5b,False,01c06d73-0b89-5a70-b737-d8afbe12b894,W2489 ChA,18.042,18.467,0.05,0.009,3183.0,0.03,,18.181,,,,,,,,,,"{ATTRIBUTE_15=0.10758914, Corrected_Area_Founds=3182.5324, Corr_Factor_Weight_Sample=1.0000000000, Column_ID=4.6mm, Identification=CONFORMS, Final_Proc_Degr_Ref_Est=0.10758914, Identification_MIN=1.058, Column_type=ascentis express c18, Corrected_Area_All=3182.5324, Column_length=15cm, Volume_Sample_Solution=104.160000, Corr_Amount_Weight_Sample=0.00860713, Column_temp=35°C, Identification_MAX=1.058, Assay_unit=mg/tab, Sampleinformation=REP1, LimsSampleId=7813919, Proc_Degr_Ref_Est=0.10758914, Identification_Procent=1.0575454533, sample_pk=Identification Assay & Degradates (HPLC) - Atorvastatin_791_7813919_RPL1, Column_nr=7796323, ExperimentId=791, file_id=9ae0bda9-cad9-44b6-ba25-f2e7957b90e3, LimsTestId=14561760, Proc_Degr_Ref_Est_0=0.10758914}",Empower,000321321,Unknown,35.0,Empower,2032,Waters68,demeutte,15.0,,,000321321,Unknown,791,OG0653C_Assay_Atorvastatin,2025-09-01 12:10:45.000 UTC,2025-09-01,2025-09,35.0,Heist\2025_Q3\HPLC\Atozet\OG0653C_As_Atorva_Degr,1,"{LimsSampleId=7813919, Corr_Factor_Weight_Sample=1.0000000000, Column_ID=4.6mm, sample_pk=Identification Assay & Degradates (HPLC) - Atorvastatin_791_7813919_RPL1, Column_nr=7796323, Column_type=ascentis express c18, Column_length=15cm, Volume_Sample_Solution=104.160000, Column_temp=35°C, ExperimentId=791, file_id=9ae0bda9-cad9-44b6-ba25-f2e7957b90e3, LimsTestId=14561760, Assay_unit=mg/tab, Sampleinformation=REP1}",1
2025-09-09 01:55:07.000 UTC,2025-09-09,2025-09,Heist\2025_Q3\HPLC\Atozet\OG0653C_As_Atorva_Degr,Waters68,992,OG0653C_Assay_Atorvastatin,,,Oxo-Atorvastatin,demeutte,,,cb967ec2-de41-43b2-b9b7-dadaa80f977a,False,256598fd-1757-50cb-a34b-96278041ad1a,W2489 ChA,9.367,10.133,1.03,0.398,79419.0,0.73,1.538746,9.715,6.661435,0.9724942,,,0.4659025,,0.2328278,,,"{ATTRIBUTE_15=17.32254542, Corrected_Area_Founds=79418.6969, Corr_Factor_Weight_Sample=1.0000000000, Column_ID=4.6mm, Final_Proc_Degr_Ref_Est=17.32254542, Identification=CONFORMS, Identification_MIN=0.132, Column_type=ascentis express c18, Corrected_Area_All=79418.6969, Column_length=15cm, Volume_Sample_Solution=208.330000, Corr_Amount_Weight_Sample=0.39841854, Column_temp=35°C, Identification_MAX=1.099, Assay_unit=mg/tab, Sampleinformation=REP2, LimsSampleId=7814754, Proc_Degr_Ref_Est=17.32254542, Identification_Procent=0.2215885366, sample_pk=Identification Assay & Degradates (HPLC) - Atorvastatin_992_7814754_RPL2, Column_nr=7792593, ExperimentId=992, file_id=b34d2ca0-481f-44f5-9121-a89a8c165142, LimsTestId=14564406, Proc_Degr_Ref_Est_0=17.32254542}",Empower,TEST_3051,Unknown,35.0,Empower,2453,Waters68,demeutte,15.0,,,TEST_3051,Unknown,992,OG0653C_Assay_Atorvastatin,2025-09-09 01:55:07.000 UTC,2025-09-09,2025-09,35.0,Heist\2025_Q3\HPLC\Atozet\OG0653C_As_Atorva_Degr,1,"{LimsSampleId=7814754, Corr_Factor_Weight_Sample=1.0000000000, Column_ID=4.6mm, sample_pk=Identification Assay & Degradates (HPLC) - Atorvastatin_992_7814754_RPL2, Column_nr=7792593, Column_type=ascentis express c18, Column_length=15cm, Volume_Sample_Solution=208.330000, Column_temp=35°C, ExperimentId=992, file_id=b34d2ca0-481f-44f5-9121-a89a8c165142, LimsTestId=14564406, Assay_unit=mg/tab, Sampleinformation=REP2}",2
2025-09-09 00:07:23.000 UTC,2025-09-09,2025-09,Heist\2025_Q3\HPLC\Atozet\OG0653C_As_Atorva_Degr,Waters68,992,OG0653C_Assay_Atorvastatin,,,Atorvastatin,demeutte,,,d8e0d26a-f010-48bf-988f-0acbf61e52a3,False,1378fc22-a9a5-57c9-bfeb-09d3270befbc,W2489 ChA,10.15,12.033,96.93,17.646,7035342.0,68.96,2.641633,10.674,752.833877,1.158536,,,0.4276735,,0.1904635,,,"{ATTRIBUTE_15=767.22603126, Corrected_Area_Founds=7035342.1031, Corr_Factor_Weight_Sample=1.0000000000, Column_ID=4.6mm, Final_Proc_Degr_Ref_Est=767.22603126, Identification=CONFORMS, Identification_MIN=-0.382, Column_type=ascentis express c18, Corrected_Area_All=7035342.1031, Proc_Diff_Check=0.02, Column_length=15cm, Volume_Sample_Solution=104.160000, Corr_Amount_Weight_Sample=17.64619872, Column_temp=35°C, Identification_MAX=1.303, Assay_unit=mg/tab, Sampleinformation=REP1, LimsSampleId=7814753, Proc_Degr_Ref_Est=767.22603126, Identification_Procent=0.2272097116, sample_pk=Identification Assay & Degradates (HPLC) - Atorvastatin_992_7814753_RPL1, Column_nr=7792593, ExperimentId=992, file_id=b34d2ca0-481f-44f5-9121-a89a8c165142, LimsTestId=14564390, Proc_Degr_Ref_Est_0=767.22603126}",Empower,TEST_3050,Unknown,35.0,Empower,2444,Waters68,demeutte,15.0,,,TEST_3050,Unknown,992,OG0653C_Assay_Atorvastatin,2025-09-09 00:07:23.000 UTC,2025-09-09,2025-09,35.0,Heist\2025_Q3\HPLC\Atozet\OG0653C_As_Atorva_Degr,1,"{LimsSampleId=7814753, Corr_Factor_Weight_Sample=1.0000000000, Column_ID=4.6mm, sample_pk=Identification Assay & Degradates (HPLC) - Atorvastatin_992_7814753_RPL1, Column_nr=7792593, Column_type=ascentis express c18, Column_length=15cm, Volume_Sample_Solution=104.160000, Column_temp=35°C, ExperimentId=992, file_id=b34d2ca0-481f-44f5-9121-a89a8c165142, LimsTestId=14564390, Assay_unit=mg/tab, Sampleinformation=REP1}",1
2025-09-05 08:49:50.000 UTC,2025-09-05,2025-09,Heist\2025_Q3\HPLC\Atozet\OG0653C_As_Atorva_Degr,Waters68,918,OG0653C_Assay_Atorvastatin,,,RRT 0.65 (deg Ezet),demeutte,,,64b34977-07fe-47fa-b5d0-060ed0a8bbba,False,a74f8946-32f7-5eaa-9fe9-381da5dc6cd7,W2489 ChA,6.658,7.333,,,2634.0,0.03,,6.93,,,,,,,,,,"{ATTRIBUTE_15=0.00000000, Corrected_Area_Founds=2634.0485, LimsSampleId=7813977, Corr_Factor_Weight_Sample=1.0000000000, Column_ID=4.6mm, sample_pk=Identification Assay & Degradates (HPLC) - Atorvastatin_918_7813977_RPL2, Column_nr=7792593, Column_type=ascentis express c18, Corrected_Area_All=2634.0485, Column_length=15cm, Volume_Sample_Solution=104.160000, Column_temp=35°C, ExperimentId=918, file_id=02188ec0-e882-4ed2-ab72-4d6da35c5b10, LimsTestId=14562466, Assay_unit=mg/tab, Proc_Degr_Ref_Est_0=0.00000000, Sampleinformation=REP2}",Empower,DLR_ASSAY,Unknown,35.0,Empower,2322,Waters68,demeutte,15.0,,,DLR_ASSAY,Unknown,918,OG0653C_Assay_Atorvastatin,2025-09-05 08:49:50.000 UTC,2025-09-05,2025-09,35.0,Heist\2025_Q3\HPLC\Atozet\OG0653C_As_Atorva_Degr,1,"{LimsSampleId=7813977, Corr_Factor_Weight_Sample=1.0000000000, Column_ID=4.6mm, sample_pk=Identification Assay & Degradates (HPLC) - Atorvastatin_918_7813977_RPL2, Column_nr=7792593, Column_type=ascentis express c18, Column_length=15cm, Volume_Sample_Solution=104.160000, Column_temp=35°C, ExperimentId=918, file_id=02188ec0-e882-4ed2-ab72-4d6da35c5b10, LimsTestId=14562466, Assay_unit=mg/tab, Sampleinformation=REP2}",2
2023-03-08 02:36:00.000 UTC,2023-03-08,2023-03,Heist\Tetrascience\Atozet_AS_DEG_Ezetimibe,Waters62,HEI 2023 5984,OG0653C_Assay_Ezetimibe,,,Diepoxy epoxide,demeutte,,,832eddeb-d68a-4ca4-8fc4-4a227e7651f5,False,0c5e2acb-ba15-5e33-b56c-19c74c08bf8e,W2489 ChA,,,,,,,,4.149,,,,,,,,,,"{ATTRIBUTE_15=0.00000000, Corr_Factor_Weight_Sample=1.0000000000, Volume_Sample_Solution=500.000000, Proc_Degr_Ref_Est_0=0.00000000, Column_temp=RT}",Empower,0001591297 inj. 1,Unknown,35.0,Empower,1070,Waters62,demeutte,15.0,,,0001591297 inj. 1,Unknown,HEI 2023 5984,OG0653C_Assay_Ezetimibe,2023-03-08 02:36:00.000 UTC,2023-03-08,2023-03,35.0,Heist\Tetrascience\Atozet_AS_DEG_Ezetimibe,2,"{Corr_Factor_Weight_Sample=1.0000000000, Volume_Sample_Solution=500.000000, Column_temp=RT}",1
2023-02-28 16:15:25.000 UTC,2023-02-28,2023-02,Heist\Tetrascience\Atozet_AS_DEG_Atorvastatin,Waters62,HEIST_2024_ZZZZ,OG0653C_Assay_Atorvastatin,,,RRT 0.86 (Desfluoro-imp Atov),hclaes,,,3547eaf0-e8d0-4bd5-9a4b-15110503c9e9,False,8febf948-f038-54dd-a31e-94a58dc054f3,W2489 ChA,8.892,9.325,,,1399.0,0.04,,9.071,0.84811,,,,,,0.1705614,,,"{Corrected_Area_Founds=1398.7408, Column_ID=4.6mm, Column_temp=35°C, Column_nr=FZ 1, Column_type=ascentis express c18, Corrected_Area_All=1398.7408, Column_length=15cm}",Empower,Ref,Standard,35.0,Empower,1055,Waters62,hclaes,15.0,,,Ref,Standard,HEIST_2024_ZZZZ,OG0653C_Assay_Atorvastatin,2023-02-28 16:15:25.000 UTC,2023-02-28,2023-02,35.0,Heist\Tetrascience\Atozet_AS_DEG_Atorvastatin,3,"{Column_ID=4.6mm, Column_nr=FZ 1, Column_type=ascentis express c18, Column_temp=35°C, Column_length=15cm}",1
2023-02-28 22:23:58.000 UTC,2023-02-28,2023-02,Heist\Tetrascience\Atozet_As_DEG_Atorvastatin_new,Waters62,HEI_2023_5089,OG0653C_Assay_Atorvastatin,,,Dihydroxy epoxide,hclaes,,,a6822f83-3678-4e10-8967-f22563312442,False,051ca85e-ed68-5320-9b27-ad4347377e77,W2489 ChA,,,,,,,,20.976,,,,,,,,,,"{ATTRIBUTE_15=0.00000000, LimsSampleId=7742785, Corr_Factor_Weight_Sample=1.0000000000, Column_ID=4.6mm, Final_Proc_Degr_Ref_Est=ND, Column_nr=FZ 1, Column_type=ascentis express c18, Column_length=15cm, Volume_Sample_Solution=104.160000, Column_temp=35°C, LimsTestId=14472619, Assay_unit=%, Proc_Degr_Ref_Est_0=0.00000000, LabwareFileId=63af622c-86d2-436c-bb85-58ee51d4b08d}",Empower,0001591299 10-10,Unknown,35.0,Empower,1129,Waters62,hclaes,15.0,,,0001591299 10-10,Unknown,HEI_2023_5089,OG0653C_Assay_Atorvastatin,2023-02-28 22:23:58.000 UTC,2023-02-28,2023-02,35.0,Heist\Tetrascience\Atozet_As_DEG_Atorvastatin_new,3,"{LimsSampleId=7742785, Corr_Factor_Weight_Sample=1.0000000000, Volume_Sample_Solution=104.160000, Column_ID=4.6mm, Column_temp=35°C, LimsTestId=14472619, Assay_unit=%, Column_nr=FZ 1, Column_type=ascentis express c18, LabwareFileId=63af622c-86d2-436c-bb85-58ee51d4b08d, Column_length=15cm}",1
2023-02-28 23:00:49.000 UTC,2023-03-01,2023-02,Heist\Tetrascience\Atozet_AS_DEG_Atorvastatin,Waters62,HEIST_2024_ZZZZ,OG0653C_Assay_Atorvastatin,,,SCH59566 (deg Ezet),hclaes,,,732cb18a-dff9-4751-88da-b7a7cda1aff3,False,d52440b7-8b2e-5cf6-8fc0-bb1ce80dd1c5,W2489 ChA,12.692,13.383,,,27597.0,0.4,,12.943,,,,,,,,,,"{ATTRIBUTE_15=0.00000000, Corrected_Area_Founds=27596.5930, LimsSampleId=7742785, Corr_Factor_Weight_Sample=1.0000000000, Column_ID=4.6mm, Column_nr=FZ 1, Column_type=ascentis express c18, Corrected_Area_All=27596.5930, Column_length=15cm, Volume_Sample_Solution=104.160000, Column_temp=35°C, LimsTestId=14472620, Assay_unit=%, Proc_Degr_Ref_Est_0=0.00000000}",Empower,0001591299 10-10,Unknown,35.0,Empower,1087,Waters62,hclaes,15.0,,,0001591299 10-10,Unknown,HEIST_2024_ZZZZ,OG0653C_Assay_Atorvastatin,2023-02-28 23:00:49.000 UTC,2023-02-28,2023-02,35.0,Heist\Tetrascience\Atozet_AS_DEG_Atorvastatin,3,"{LimsSampleId=7742785, Corr_Factor_Weight_Sample=1.0000000000, Volume_Sample_Solution=104.160000, Column_ID=4.6mm, Column_temp=35°C, LimsTestId=14472620, Assay_unit=%, Column_nr=FZ 1, Column_type=ascentis express c18, Column_length=15cm}",3
2023-02-28 21:10:19.000 UTC,2023-02-28,2023-02,Heist\Tetrascience\Atozet_As_DEG_Atorvastatin_new,Waters62,HEI_2023_5089,OG0653C_Assay_Atorvastatin,,,Oxo-Atorvastatin,hclaes,,,e092fcef-c9b0-4a78-8145-68366745bb6a,False,c726efa8-5446-5bd1-b90f-97980fc6f1db,W2489 ChA,9.325,9.858,0.06,0.006,2280.0,0.03,5.745448,9.561,1.576549,,,,,,0.2420772,,,"{ATTRIBUTE_15=0.06433556, Corrected_Area_Founds=2280.1032, LimsSampleId=7742784, Corr_Factor_Weight_Sample=1.0000000000, Column_ID=4.6mm, Proc_Degr_Ref_Est=0.06433556, Final_Proc_Degr_Ref_Est=NQ, Column_nr=FZ 1, Column_type=ascentis express c18, Corrected_Area_All=2280.1032, Column_length=15cm, Volume_Sample_Solution=104.160000, Corr_Amount_Weight_Sample=0.00643356, Column_temp=35°C, LimsTestId=14472602, Assay_unit=%, Proc_Degr_Ref_Est_0=0.06433556}",Empower,7742784,Unknown,35.0,Empower,1123,Waters62,hclaes,15.0,,,7742784,Unknown,HEI_2023_5089,OG0653C_Assay_Atorvastatin,2023-02-28 21:10:19.000 UTC,2023-02-28,2023-02,35.0,Heist\Tetrascience\Atozet_As_DEG_Atorvastatin_new,2,"{LimsSampleId=7742784, Corr_Factor_Weight_Sample=1.0000000000, Volume_Sample_Solution=104.160000, Column_ID=4.6mm, Column_temp=35°C, LimsTestId=14472602, Assay_unit=%, Column_nr=FZ 1, Column_type=ascentis express c18, Column_length=15cm}",1
2023-02-28 21:47:06.000 UTC,2023-02-28,2023-02,Heist\Tetrascience\Atozet_As_DEG_Atorvastatin_new,Waters62,HEI_2023_5089,OG0653C_Assay_Atorvastatin,,,RRT 1.91,hclaes,,,48dc781c-bc5b-4144-a5a6-965483095e3d,False,cf420975-d921-5625-a936-326743bca5ad,W2489 ChA,19.958,20.408,0.08,0.008,2726.0,0.04,,20.205,,,,,,,,,,"{ATTRIBUTE_15=0.07692125, Corrected_Area_Founds=2726.1498, LimsSampleId=7742784, Corr_Factor_Weight_Sample=1.0000000000, Column_ID=4.6mm, Proc_Degr_Ref_Est=0.07692125, Final_Proc_Degr_Ref_Est=NQ, Column_nr=FZ 1, Column_type=ascentis express c18, Corrected_Area_All=2726.1498, Column_length=15cm, Volume_Sample_Solution=104.160000, Corr_Amount_Weight_Sample=0.00769212, Column_temp=35°C, LimsTestId=14472603, Assay_unit=%, Proc_Degr_Ref_Est_0=0.07692125}",Empower,7742784,Unknown,35.0,Empower,1126,Waters62,hclaes,15.0,,,7742784,Unknown,HEI_2023_5089,OG0653C_Assay_Atorvastatin,2023-02-28 21:47:06.000 UTC,2023-02-28,2023-02,35.0,Heist\Tetrascience\Atozet_As_DEG_Atorvastatin_new,2,"{LimsSampleId=7742784, Corr_Factor_Weight_Sample=1.0000000000, Volume_Sample_Solution=104.160000, Column_ID=4.6mm, Column_temp=35°C, LimsTestId=14472603, Assay_unit=%, Column_nr=FZ 1, Column_type=ascentis express c18, Column_length=15cm}",2
2023-02-28 12:34:19.000 UTC,2023-02-28,2023-02,Heist\Tetrascience\Atozet_AS_DEG_Atorvastatin,Waters62,HEIST_2024_ZZZZ,OG0653C_Assay_Atorvastatin,,,Hydroxyl isopropyl epoxide,hclaes,,,52191a69-e23c-4452-93b1-95bc5dcd600c,False,4a444bef-5940-5547-879f-3ca6463f2834,W2489 ChA,,,,,,,,19.263,,,,,,,,,,"{ATTRIBUTE_15=0.00000000, Column_ID=4.6mm, Column_temp=35°C, Final_Proc_Degr_Ref_Est=ND, Proc_Degr_Ref_Est_0=0.00000000, Column_nr=FZ 1, Column_type=ascentis express c18, Column_length=15cm}",Empower,Diluent A,Unknown,35.0,Empower,1037,Waters62,hclaes,15.0,,,Diluent A,Unknown,HEIST_2024_ZZZZ,OG0653C_Assay_Atorvastatin,2023-02-28 12:34:19.000 UTC,2023-02-28,2023-02,35.0,Heist\Tetrascience\Atozet_AS_DEG_Atorvastatin,3,"{Column_ID=4.6mm, Column_nr=FZ 1, Column_type=ascentis express c18, Column_temp=35°C, Column_length=15cm}",5
2023-02-28 15:01:42.000 UTC,2023-02-28,2023-02,Heist\Tetrascience\Atozet_AS_DEG_Atorvastatin,Waters62,HEIST_2024_ZZZZ,OG0653C_Assay_Atorvastatin,,,RRT 1.91,hclaes,,,6a902513-40ec-443a-b285-8d82411118fa,False,ff6482e8-6096-50bd-b3cd-bca30728a2c3,W2489 ChA,,,,,,,,20.105,,,,,,,,,,"{ATTRIBUTE_15=0.00000000, Column_ID=4.6mm, Column_temp=35°C, Final_Proc_Degr_Ref_Est=ND, Proc_Degr_Ref_Est_0=0.00000000, Column_nr=FZ 1, Column_type=ascentis express c18, Column_length=15cm}",Empower,Stressed Eze,Unknown,35.0,Empower,1049,Waters62,hclaes,15.0,,,Stressed Eze,Unknown,HEIST_2024_ZZZZ,OG0653C_Assay_Atorvastatin,2023-02-28 15:01:42.000 UTC,2023-02-28,2023-02,35.0,Heist\Tetrascience\Atozet_AS_DEG_Atorvastatin,3,"{Column_ID=4.6mm, Column_nr=FZ 1, Column_type=ascentis express c18, Column_temp=35°C, Column_length=15cm}",1
2023-02-28 15:38:34.000 UTC,2023-02-28,2023-02,Heist\Tetrascience\Atozet_AS_DEG_Atorvastatin,Waters62,HEI_2023_5089,OG0653C_Assay_Atorvastatin,,,Oxo-Atorvastatin,hclaes,,,f0225c71-1f34-403c-b5b8-40434ed29d7f,False,f41250d6-a988-50e3-bc3c-216794abb2ad,W2489 ChA,9.283,9.925,,,3787.0,0.07,6.371043,9.628,1.721854,0.9334865,,,0.4662293,,0.2231559,,,"{ATTRIBUTE_15=0.00000000, Corrected_Area_Founds=3787.3550, Column_ID=4.6mm, Column_temp=35°C, Final_Proc_Degr_Ref_Est=ND, Proc_Degr_Ref_Est_0=0.00000000, Column_nr=FZ 1, Column_type=ascentis express c18, Corrected_Area_All=3787.3550, Column_length=15cm}",Empower,Combined SS,Unknown,35.0,Empower,1052,Waters62,hclaes,15.0,,,Combined SS,Unknown,HEI_2023_5089,OG0653C_Assay_Atorvastatin,2023-02-28 15:38:34.000 UTC,2023-02-28,2023-02,35.0,Heist\Tetrascience\Atozet_AS_DEG_Atorvastatin,2,"{Column_ID=4.6mm, Column_nr=FZ 1, Column_type=ascentis express c18, Column_temp=35°C, Column_length=15cm}",2
2023-02-28 15:38:34.000 UTC,2023-02-28,2023-02,Heist\Tetrascience\Atozet_As_DEG_Atorvastatin_new,Waters62,HEI_2023_5089,OG0653C_Assay_Atorvastatin,,,SCH59566 (deg Ezet),hclaes,,,bd0b4184-e7f6-4008-af1c-fe7f2fcabaac,False,e6a0ecf2-6eee-59bb-bed1-924338733b76,W2489 ChA,12.508,13.3,,,42992.0,0.85,,12.913,,,,,,,,,,"{ATTRIBUTE_15=0.00000000, Corrected_Area_Founds=42992.1664, Column_ID=4.6mm, Column_temp=35°C, Proc_Degr_Ref_Est_0=0.00000000, Column_nr=FZ 1, Column_type=ascentis express c18, Corrected_Area_All=42992.1664, Column_length=15cm}",Empower,Combined SS,Unknown,35.0,Empower,1097,Waters62,hclaes,15.0,,,Combined SS,Unknown,HEI_2023_5089,OG0653C_Assay_Atorvastatin,2023-02-28 15:38:34.000 UTC,2023-02-28,2023-02,35.0,Heist\Tetrascience\Atozet_As_DEG_Atorvastatin_new,3,"{Column_ID=4.6mm, Column_nr=FZ 1, Column_type=ascentis express c18, Column_temp=35°C, Column_length=15cm}",1
2023-02-28 13:48:03.000 UTC,2023-02-28,2023-02,Heist\Tetrascience\Atozet_AS_DEG_Atorvastatin,Waters62,HEIST_2024_ZZZZ,OG0653C_Assay_Atorvastatin,,,Oxo-Atorvastatin,hclaes,,,ccbfd4c5-e141-4915-a618-58369823f372,False,d48f1c03-7a6f-5342-a90e-0a601a617fdb,W2489 ChA,9.433,9.908,,,1431.0,0.03,,9.583,0.386525,,,,,,0.2303914,,,"{ATTRIBUTE_15=0.00000000, Corrected_Area_Founds=1431.0450, Column_ID=4.6mm, Column_temp=35°C, Final_Proc_Degr_Ref_Est=ND, Proc_Degr_Ref_Est_0=0.00000000, Column_nr=FZ 1, Column_type=ascentis express c18, Corrected_Area_All=1431.0450, Column_length=15cm}",Empower,Lactone SS,Unknown,35.0,Empower,1043,Waters62,hclaes,15.0,,,Lactone SS,Unknown,HEIST_2024_ZZZZ,OG0653C_Assay_Atorvastatin,2023-02-28 13:48:03.000 UTC,2023-02-28,2023-02,35.0,Heist\Tetrascience\Atozet_AS_DEG_Atorvastatin,3,"{Column_ID=4.6mm, Column_nr=FZ 1, Column_type=ascentis express c18, Column_temp=35°C, Column_length=15cm}",1
2023-02-28 14:24:50.000 UTC,2023-02-28,2023-02,Heist\Tetrascience\Atozet_AS_DEG_Atorvastatin,Waters62,HEIST_2024_ZZZZ,OG0653C_Assay_Atorvastatin,,,Ezetimibe,hclaes,,,01f8e431-a120-482e-82c9-3c84cb2d387b,False,8ad31265-fd75-5517-a9f6-f255900f88d9,W2489 ChA,,,,,,,,7.786,,,,,,,,,,"{ATTRIBUTE_15=0.00000000, Column_ID=4.6mm, Column_temp=35°C, Proc_Degr_Ref_Est_0=0.00000000, Column_nr=FZ 1, Column_type=ascentis express c18, Column_length=15cm}",Empower,Working Ox deg sol,Unknown,35.0,Empower,1046,Waters62,hclaes,15.0,,,Working Ox deg sol,Unknown,HEIST_2024_ZZZZ,OG0653C_Assay_Atorvastatin,2023-02-28 14:24:50.000 UTC,2023-02-28,2023-02,35.0,Heist\Tetrascience\Atozet_AS_DEG_Atorvastatin,3,"{Column_ID=4.6mm, Column_nr=FZ 1, Column_type=ascentis express c18, Column_temp=35°C, Column_length=15cm}",1
2023-02-28 23:00:49.000 UTC,2023-03-01,2023-02,Heist\Tetrascience\Atozet_As_DEG_Atorvastatin_new,Waters62,HEI_2023_5089,OG0653C_Assay_Atorvastatin,,,Atorvastatin Lactone,hclaes,,,bc58e9cd-03b8-46ca-ba30-a77a57cf6dd9,False,f6d952c5-1286-54ef-a447-3992e25a1dec,W2489 ChA,16.458,16.833,0.09,0.01,3378.0,0.05,,16.683,,,,,,,,,,"{Corrected_Area_Founds=3378.2959, ATTRIBUTE_15=0.09526481, LimsSampleId=7742785, Corr_Factor_Weight_Sample=1.0000000000, Column_ID=4.6mm, Proc_Degr_Ref_Est=0.09526481, Final_Proc_Degr_Ref_Est=NQ, Column_nr=FZ 1, Column_type=ascentis express c18, Corrected_Area_All=3378.2959, Column_length=15cm, Volume_Sample_Solution=104.160000, Corr_Amount_Weight_Sample=0.00952648, Column_temp=35°C, LimsTestId=14472620, Assay_unit=%, Proc_Degr_Ref_Est_0=0.09526481, LabwareFileId=63af622c-86d2-436c-bb85-58ee51d4b08d}",Empower,7742785,Unknown,35.0,Empower,1132,Waters62,hclaes,15.0,,,7742785,Unknown,HEI_2023_5089,OG0653C_Assay_Atorvastatin,2023-02-28 23:00:49.000 UTC,2023-02-28,2023-02,35.0,Heist\Tetrascience\Atozet_As_DEG_Atorvastatin_new,3,"{LimsSampleId=7742785, Corr_Factor_Weight_Sample=1.0000000000, Volume_Sample_Solution=104.160000, Column_ID=4.6mm, Column_temp=35°C, LimsTestId=14472620, Assay_unit=%, Column_nr=FZ 1, Column_type=ascentis express c18, LabwareFileId=63af622c-86d2-436c-bb85-58ee51d4b08d, Column_length=15cm}",1
2023-02-28 13:48:03.000 UTC,2023-02-28,2023-02,Heist\Tetrascience\Atozet_AS_DEG_Atorvastatin,Waters62,HEIST_2024_ZZZZ,OG0653C_Assay_Atorvastatin,,,Hydroxyl isopropyl epoxide,hclaes,,,ccbfd4c5-e141-4915-a618-58369823f372,False,d48f1c03-7a6f-5342-a90e-0a601a617fdb,W2489 ChA,,,,,,,,19.329,,,,,,,,,,"{ATTRIBUTE_15=0.00000000, Column_ID=4.6mm, Column_temp=35°C, Proc_Degr_Ref_Est_0=0.00000000, Final_Proc_Degr_Ref_Est=ND, Column_nr=FZ 1, Column_type=ascentis express c18, Column_length=15cm}",Empower,Lactone SS,Unknown,35.0,Empower,1043,Waters62,hclaes,15.0,,,Lactone SS,Unknown,HEIST_2024_ZZZZ,OG0653C_Assay_Atorvastatin,2023-02-28 13:48:03.000 UTC,2023-02-28,2023-02,35.0,Heist\Tetrascience\Atozet_AS_DEG_Atorvastatin,3,"{Column_ID=4.6mm, Column_nr=FZ 1, Column_type=ascentis express c18, Column_temp=35°C, Column_length=15cm}",1
2023-02-28 14:24:50.000 UTC,2023-02-28,2023-02,Heist\Tetrascience\Atozet_AS_DEG_Atorvastatin,Waters62,HEIST_2024_ZZZZ,OG0653C_Assay_Atorvastatin,,,RRT 0.86 (Desfluoro-imp Atov),hclaes,,,01f8e431-a120-482e-82c9-3c84cb2d387b,False,8ad31265-fd75-5517-a9f6-f255900f88d9,W2489 ChA,8.725,9.308,,,1606.0,0.04,,9.078,0.907191,1.026992,,,0.4009314,,0.1442569,,,"{ATTRIBUTE_15=0.00000000, Corrected_Area_Founds=1606.2590, Column_ID=4.6mm, Column_temp=35°C, Proc_Degr_Ref_Est_0=0.00000000, Column_nr=FZ 1, Column_type=ascentis express c18, Corrected_Area_All=1606.2590, Column_length=15cm}",Empower,Working Ox deg sol,Unknown,35.0,Empower,1046,Waters62,hclaes,15.0,,,Working Ox deg sol,Unknown,HEIST_2024_ZZZZ,OG0653C_Assay_Atorvastatin,2023-02-28 14:24:50.000 UTC,2023-02-28,2023-02,35.0,Heist\Tetrascience\Atozet_AS_DEG_Atorvastatin,3,"{Column_ID=4.6mm, Column_nr=FZ 1, Column_type=ascentis express c18, Column_temp=35°C, Column_length=15cm}",1
2023-02-28 23:00:49.000 UTC,2023-03-01,2023-02,Heist\Tetrascience\Atozet_As_DEG_Atorvastatin_new,Waters62,HEI_2023_5089,OG0653C_Assay_Atorvastatin,,,Diketo Epoxide,hclaes,,,bc58e9cd-03b8-46ca-ba30-a77a57cf6dd9,False,f6d952c5-1286-54ef-a447-3992e25a1dec,W2489 ChA,,,,,,,,22.367,,,,,,,,,,"{ATTRIBUTE_15=0.00000000, LimsSampleId=7742785, Corr_Factor_Weight_Sample=1.0000000000, Column_ID=4.6mm, Final_Proc_Degr_Ref_Est=ND, Column_nr=FZ 1, Column_type=ascentis express c18, Column_length=15cm, Volume_Sample_Solution=104.160000, Column_temp=35°C, LimsTestId=14472620, Assay_unit=%, Proc_Degr_Ref_Est_0=0.00000000, LabwareFileId=63af622c-86d2-436c-bb85-58ee51d4b08d}",Empower,7742785,Unknown,35.0,Empower,1132,Waters62,hclaes,15.0,,,7742785,Unknown,HEI_2023_5089,OG0653C_Assay_Atorvastatin,2023-02-28 23:00:49.000 UTC,2023-02-28,2023-02,35.0,Heist\Tetrascience\Atozet_As_DEG_Atorvastatin_new,3,"{LimsSampleId=7742785, Corr_Factor_Weight_Sample=1.0000000000, Volume_Sample_Solution=104.160000, Column_ID=4.6mm, Column_temp=35°C, LimsTestId=14472620, Assay_unit=%, Column_nr=FZ 1, Column_type=ascentis express c18, LabwareFileId=63af622c-86d2-436c-bb85-58ee51d4b08d, Column_length=15cm}",1
2023-02-28 12:34:19.000 UTC,2023-02-28,2023-02,Heist\Tetrascience\Atozet_As_DEG_Atorvastatin_new,Waters62,HEI_2023_5089,OG0653C_Assay_Atorvastatin,,,RRT 0.86 (Desfluoro-imp Atov),hclaes,,,7bc2c8c6-a993-4c3c-9c2d-491bfae1ad7c,False,3c536b01-1fa2-5442-90f9-a0b2dac1c880,W2489 ChA,,,,,,,,9.052,,,,,,,,,,"{ATTRIBUTE_15=0.00000000, Column_ID=4.6mm, Column_temp=35°C, Proc_Degr_Ref_Est_0=0.00000000, Column_nr=FZ 1, Column_type=ascentis express c18, Column_length=15cm}",Empower,Diluent A,Unknown,35.0,Empower,1082,Waters62,hclaes,15.0,,,Diluent A,Unknown,HEI_2023_5089,OG0653C_Assay_Atorvastatin,2023-02-28 12:34:19.000 UTC,2023-02-28,2023-02,35.0,Heist\Tetrascience\Atozet_As_DEG_Atorvastatin_new,2,"{Column_ID=4.6mm, Column_nr=FZ 1, Column_type=ascentis express c18, Column_temp=35°C, Column_length=15cm}",3
2025-08-11 23:48:16.000 UTC,2025-08-12,2025-08,Heist\2025_Q3\HPLC\Atozet\OG0653C_As_Atorva_Degr,Waters68,608,OG0653C_Assay_Atorvastatin,,,RRT 0.70,mees,,,4fce12ed-d73d-42c1-910c-ca1dd41373af,False,dec815f6-2736-5411-891f-ce8bc00646ed,W2489 ChA,,,,,,,,7.433,,,,,,,,,,,Empower,CHECK,Control,35.0,Empower,1483,Waters68,mees,15.0,,,CHECK,Control,608,OG0653C_Assay_Atorvastatin,2025-08-11 23:48:16.000 UTC,2025-08-11,2025-08,35.0,Heist\2025_Q3\HPLC\Atozet\OG0653C_As_Atorva_Degr,1,"{LimsSampleId=7786902, Column_ID=4.6mm, Column_temp=35°C, ExperimentId=608, LimsTestId=14527279, Column_nr=7796323, Column_type=ascentis express c18, Column_length=15cm}",2
2025-08-01 13:27:08.000 UTC,2025-08-01,2025-08,Heist\2025_Q3\HPLC\Atozet\OG0653C_As_Atorva_Degr,Waters68,533,OG0653C_Assay_Atorvastatin,,,Diepoxy epoxide,mees,,,474c3018-19b8-403c-b92c-eef333bfd104,False,dba70c59-fb23-51db-868d-5132eae5d891,W2489 ChA,,,,,,,,18.225,,,,,,,,,,,Empower,STD,Standard,35.0,Empower,1304,Waters68,mees,15.0,,,STD,Standard,533,OG0653C_Assay_Atorvastatin,2025-08-01 13:27:08.000 UTC,2025-08-01,2025-08,35.0,Heist\2025_Q3\HPLC\Atozet\OG0653C_As_Atorva_Degr,1,"{LimsSampleId=7786902, Column_ID=4.6mm, Column_temp=35°C, ExperimentId=533, LimsTestId=14527279, Column_nr=7796323, Column_type=ascentis express c18, Column_length=15cm}",2
2025-08-28 10:08:18.000 UTC,2025-08-28,2025-08,Heist\2025_Q3\HPLC\Atozet\OG0653C_As_Atorva_Degr,Waters68,741,OG0653C_Assay_Atorvastatin,,,,mees,,,23701102-1880-4507-82f2-60d20c15d28f,False,bf0b1525-3708-58b0-8667-b8e87c16a4c8,W2489 ChA,5.133,5.658,3.78,0.006,1055.0,0.03,,5.301,,,,,,,,,,"{LimsSampleId=7786902, Column_ID=4.6mm, Identification_Procent=0.0000000000, Proc_RSD_References=1054.907, Identification=CONFORMS, Identification_MIN=0.000, Column_nr=7785779, Column_type=ascentis express c18, Corrected_Area_All=1054.9070, Column_length=15cm, Column_temp=35°C, ExperimentId=741, LimsTestId=14527279, Identification_MAX=0.000}",Empower,STD,Standard,35.0,Empower,1641,Waters68,mees,15.0,,,STD,Standard,741,OG0653C_Assay_Atorvastatin,2025-08-28 10:08:18.000 UTC,2025-08-28,2025-08,35.0,Heist\2025_Q3\HPLC\Atozet\OG0653C_As_Atorva_Degr,2,"{LimsSampleId=7786902, Column_ID=4.6mm, Column_temp=35°C, ExperimentId=741, LimsTestId=14527279, Column_nr=7785779, Column_type=ascentis express c18, Column_length=15cm}",10
2025-08-29 11:04:07.000 UTC,2025-08-29,2025-08,Heist\2025_Q3\HPLC\Atozet\OG0653C_As_Atorva_Degr,Waters68,753,OG0653C_Assay_Atorvastatin,,,RRT 0.65 (deg Ezet),mees,,,84ce1d60-9857-4451-89ff-b72bde1c6f71,False,7d2efa12-dc68-50fb-8f3e-c1abe04c026e,W2489 ChA,6.892,7.117,,,1386.0,0.01,,6.987,,,,,,,,,,"{ATTRIBUTE_15=0.00000000, Corrected_Area_Founds=1386.4278, LimsSampleId=7813183, Corr_Factor_Weight_Sample=1.0000000000, Column_ID=4.6mm, sample_pk=Identification Assay & Degradates (HPLC) - Atorvastatin_753_7813183_RPL2, Column_nr=7785779, Column_type=ascentis express c18, Corrected_Area_All=1386.4278, Column_length=15cm, Volume_Sample_Solution=823.330000, Column_temp=35°C, ExperimentId=753, file_id=1d30ab53-acee-4e68-b59b-557305902d04, LimsTestId=14560686, Assay_unit=mg/tab, Proc_Degr_Ref_Est_0=0.00000000, Sampleinformation=REP2}",Empower,789465464,Unknown,35.0,Empower,1902,Waters68,mees,15.0,,,789465464,Unknown,753,OG0653C_Assay_Atorvastatin,2025-08-29 11:04:07.000 UTC,2025-08-29,2025-08,35.0,Heist\2025_Q3\HPLC\Atozet\OG0653C_As_Atorva_Degr,1,"{LimsSampleId=7813183, Corr_Factor_Weight_Sample=1.0000000000, Column_ID=4.6mm, sample_pk=Identification Assay & Degradates (HPLC) - Atorvastatin_753_7813183_RPL2, Column_nr=7785779, Column_type=ascentis express c18, Column_length=15cm, Volume_Sample_Solution=823.330000, Column_temp=35°C, ExperimentId=753, file_id=1d30ab53-acee-4e68-b59b-557305902d04, LimsTestId=14560686, Assay_unit=mg/tab, Sampleinformation=REP2}",2
2025-08-01 11:03:27.000 UTC,2025-08-01,2025-08,Heist\2025_Q3\HPLC\Atozet\OG0653C_As_Atorva_Degr,Waters68,533,OG0653C_Assay_Atorvastatin,,,Ezetimibe,mees,,,16e3d5c9-43cc-4602-a32f-12aab22a39c2,False,610f3284-4559-58d4-ad4d-85441c766b61,W2489 ChA,7.325,8.925,,,2876341.0,52.85,,7.83,,,,,,,,,,"{ATTRIBUTE_15=0.00000000, Corrected_Area_Founds=2876340.9292, LimsSampleId=7810263, Corr_Factor_Weight_Sample=1.0000000000, Column_ID=4.6mm, sample_pk=Identification Assay & Degradates (HPLC) - Atorvastatin_533_7810263_RPL1, Column_nr=7796323, Column_type=ascentis express c18, Corrected_Area_All=2876340.9292, Column_length=15cm, Volume_Sample_Solution=104.000000, Column_temp=35°C, ExperimentId=533, file_id=d722aa1d-af9f-450f-add2-680348e26ae6, LimsTestId=14556290, Assay_unit=mg/tab, Proc_Degr_Ref_Est_0=0.00000000, Sampleinformation=REP1}",Empower,TDP_EMPOWER_DRYRUN_01,Unknown,35.0,Empower,1291,Waters68,mees,15.0,,,TDP_EMPOWER_DRYRUN_01,Unknown,533,OG0653C_Assay_Atorvastatin,2025-08-01 11:03:27.000 UTC,2025-08-01,2025-08,35.0,Heist\2025_Q3\HPLC\Atozet\OG0653C_As_Atorva_Degr,1,"{LimsSampleId=7810263, Corr_Factor_Weight_Sample=1.0000000000, Column_ID=4.6mm, sample_pk=Identification Assay & Degradates (HPLC) - Atorvastatin_533_7810263_RPL1, Column_nr=7796323, Column_type=ascentis express c18, Column_length=15cm, Volume_Sample_Solution=104.000000, Column_temp=35°C, ExperimentId=533, file_id=d722aa1d-af9f-450f-add2-680348e26ae6, LimsTestId=14556290, Assay_unit=mg/tab, Sampleinformation=REP1}",1
2025-08-12 00:24:02.000 UTC,2025-08-12,2025-08,Heist\2025_Q3\HPLC\Atozet\OG0653C_As_Atorva_Degr,Waters68,608,OG0653C_Assay_Atorvastatin,,,Oxo-Atorvastatin,mees,,,7a992a47-15a4-4a24-98fd-a9fb8bc21af0,False,40f35392-c8af-505e-925e-6f023887c44d,W2489 ChA,,,,,,,,9.57,,,,,,,,,,,Empower,STD,Standard,35.0,Empower,1486,Waters68,mees,15.0,,,STD,Standard,608,OG0653C_Assay_Atorvastatin,2025-08-12 00:24:02.000 UTC,2025-08-12,2025-08,35.0,Heist\2025_Q3\HPLC\Atozet\OG0653C_As_Atorva_Degr,1,"{LimsSampleId=7786902, Column_ID=4.6mm, Column_temp=35°C, ExperimentId=608, LimsTestId=14527279, Column_nr=7796323, Column_type=ascentis express c18, Column_length=15cm}",8
2025-08-01 12:15:16.000 UTC,2025-08-01,2025-08,Heist\2025_Q3\HPLC\Atozet\OG0653C_As_Atorva_Degr,Waters68,533,OG0653C_Assay_Atorvastatin,,,Diepoxy epoxide,mees,,,3b6c08ea-dcae-40fa-a9ab-61d978fedb20,False,bba6e383-c715-59c4-aca9-e01774950191,W2489 ChA,,,,,,,,18.303,,,,,,,,,,"{ATTRIBUTE_15=0.00000000, LimsSampleId=7810264, Corr_Factor_Weight_Sample=1.0000000000, Column_ID=4.6mm, sample_pk=Identification Assay & Degradates (HPLC) - Atorvastatin_533_7810264_RPL1, Final_Proc_Degr_Ref_Est=ND, Column_nr=7796323, Column_type=ascentis express c18, Column_length=15cm, Volume_Sample_Solution=104.000000, Column_temp=35°C, ExperimentId=533, file_id=d722aa1d-af9f-450f-add2-680348e26ae6, LimsTestId=14556305, Assay_unit=mg/tab, Proc_Degr_Ref_Est_0=0.00000000, Sampleinformation=REP1}",Empower,TDP_EMPOWER_DRYRUN_02,Unknown,35.0,Empower,1297,Waters68,mees,15.0,,,TDP_EMPOWER_DRYRUN_02,Unknown,533,OG0653C_Assay_Atorvastatin,2025-08-01 12:15:16.000 UTC,2025-08-01,2025-08,35.0,Heist\2025_Q3\HPLC\Atozet\OG0653C_As_Atorva_Degr,1,"{LimsSampleId=7810264, Corr_Factor_Weight_Sample=1.0000000000, Column_ID=4.6mm, sample_pk=Identification Assay & Degradates (HPLC) - Atorvastatin_533_7810264_RPL1, Column_nr=7796323, Column_type=ascentis express c18, Column_length=15cm, Volume_Sample_Solution=104.000000, Column_temp=35°C, ExperimentId=533, file_id=d722aa1d-af9f-450f-add2-680348e26ae6, LimsTestId=14556305, Assay_unit=mg/tab, Sampleinformation=REP1}",1
2025-08-11 17:49:14.000 UTC,2025-08-11,2025-08,Heist\2025_Q3\HPLC\Atozet\OG0653C_As_Atorva_Degr,Waters68,608,OG0653C_Assay_Atorvastatin,,,Hydroxyl isopropyl epoxide,mees,,,19587557-f4f5-4d62-90f7-14fd3830df7a,False,ce1b754c-d978-5551-afed-2e3f03042ca1,W2489 ChA,,,,,,,,18.975,,,,,,,,,,"{ATTRIBUTE_15=0.00000000, Column_ID=4.6mm, Column_temp=35°C, ExperimentId=608, Final_Proc_Degr_Ref_Est=ND, Proc_Degr_Ref_Est_0=0.00000000, Column_nr=7796323, Column_type=ascentis express c18, Column_length=15cm}",Empower,Lactone SS,Unknown,35.0,Empower,1435,Waters68,mees,15.0,,,Lactone SS,Unknown,608,OG0653C_Assay_Atorvastatin,2025-08-11 17:49:14.000 UTC,2025-08-11,2025-08,35.0,Heist\2025_Q3\HPLC\Atozet\OG0653C_As_Atorva_Degr,1,"{Column_ID=4.6mm, Column_temp=35°C, ExperimentId=608, Column_nr=7796323, Column_type=ascentis express c18, Column_length=15cm}",1
2025-08-11 22:36:42.000 UTC,2025-08-12,2025-08,Heist\2025_Q3\HPLC\Atozet\OG0653C_As_Atorva_Degr,Waters68,608,OG0653C_Assay_Atorvastatin,,,Atorvastatin,mees,,,fe31033b-5138-42f7-bc39-ab268a5910c9,False,9835fcf9-b485-531b-81b6-dd601e0271e7,W2489 ChA,10.017,12.025,100.0,0.093,3561810.0,99.69,,10.519,2345.570953,1.124901,,,0.4331701,,0.195997,,,"{Corrected_Area_Founds=3561810.0822, LimsSampleId=7786902, Column_ID=4.6mm, Identification_Procent=0.1121783752, Proc_RSD_References=0.122, Identification=CONFORMS, Identification_MIN=0.112, Column_nr=7796323, Column_type=ascentis express c18, Corrected_Area_All=3561810.0822, Proc_Diff_Check=0.21, Column_length=15cm, Column_temp=35°C, ExperimentId=608, LimsTestId=14527279, Identification_MAX=0.112}",Empower,STD,Standard,35.0,Empower,1459,Waters68,mees,15.0,,,STD,Standard,608,OG0653C_Assay_Atorvastatin,2025-08-11 22:36:42.000 UTC,2025-08-11,2025-08,35.0,Heist\2025_Q3\HPLC\Atozet\OG0653C_As_Atorva_Degr,1,"{LimsSampleId=7786902, Column_ID=4.6mm, Column_temp=35°C, ExperimentId=608, LimsTestId=14527279, Column_nr=7796323, Column_type=ascentis express c18, Column_length=15cm}",7
2025-08-01 12:15:16.000 UTC,2025-08-01,2025-08,Heist\2025_Q3\HPLC\Atozet\OG0653C_As_Atorva_Degr,Waters68,533,OG0653C_Assay_Atorvastatin,,,,mees,,,3b6c08ea-dcae-40fa-a9ab-61d978fedb20,False,bba6e383-c715-59c4-aca9-e01774950191,W2489 ChA,8.925,9.25,0.05,0.004,1710.0,0.02,,9.078,,,,,,,,,,"{ATTRIBUTE_15=0.07377017, LimsSampleId=7810264, Corr_Factor_Weight_Sample=1.0000000000, Column_ID=4.6mm, Proc_Degr_Ref_Est=0.07377017, sample_pk=Identification Assay & Degradates (HPLC) - Atorvastatin_533_7810264_RPL1, Final_Proc_Degr_Ref_Est=NQ, Column_nr=7796323, Column_type=ascentis express c18, Corrected_Area_All=1710.1773, Column_length=15cm, Volume_Sample_Solution=104.000000, Corr_Amount_Weight_Sample=0.00442621, Column_temp=35°C, ExperimentId=533, file_id=d722aa1d-af9f-450f-add2-680348e26ae6, LimsTestId=14556305, Assay_unit=mg/tab, Proc_Degr_Ref_Est_0=0.07377017, Sampleinformation=REP1}",Empower,TDP_EMPOWER_DRYRUN_02,Unknown,35.0,Empower,1297,Waters68,mees,15.0,,,TDP_EMPOWER_DRYRUN_02,Unknown,533,OG0653C_Assay_Atorvastatin,2025-08-01 12:15:16.000 UTC,2025-08-01,2025-08,35.0,Heist\2025_Q3\HPLC\Atozet\OG0653C_As_Atorva_Degr,1,"{LimsSampleId=7810264, Corr_Factor_Weight_Sample=1.0000000000, Column_ID=4.6mm, sample_pk=Identification Assay & Degradates (HPLC) - Atorvastatin_533_7810264_RPL1, Column_nr=7796323, Column_type=ascentis express c18, Column_length=15cm, Volume_Sample_Solution=104.000000, Column_temp=35°C, ExperimentId=533, file_id=d722aa1d-af9f-450f-add2-680348e26ae6, LimsTestId=14556305, Assay_unit=mg/tab, Sampleinformation=REP1}",1
2025-08-11 19:01:05.000 UTC,2025-08-11,2025-08,Heist\2025_Q3\HPLC\Atozet\OG0653C_As_Atorva_Degr,Waters68,608,OG0653C_Assay_Atorvastatin,,,Atorvastatin Lactone,mees,,,b03c7a35-42fd-4270-b6b2-8ce207ccc6b4,False,1680476d-1dc8-5628-bc21-46ca44eb0ad7,W2489 ChA,,,,,,,,16.763,,,,,,,,,,"{ATTRIBUTE_15=0.00000000, Column_ID=4.6mm, Column_temp=35°C, ExperimentId=608, Final_Proc_Degr_Ref_Est=ND, Proc_Degr_Ref_Est_0=0.00000000, Column_nr=7796323, Column_type=ascentis express c18, Column_length=15cm}",Empower,Stressed Eze,Unknown,35.0,Empower,1441,Waters68,mees,15.0,,,Stressed Eze,Unknown,608,OG0653C_Assay_Atorvastatin,2025-08-11 19:01:05.000 UTC,2025-08-11,2025-08,35.0,Heist\2025_Q3\HPLC\Atozet\OG0653C_As_Atorva_Degr,1,"{Column_ID=4.6mm, Column_temp=35°C, ExperimentId=608, Column_nr=7796323, Column_type=ascentis express c18, Column_length=15cm}",1
2025-08-29 11:40:08.000 UTC,2025-08-29,2025-08,Heist\2025_Q3\HPLC\Atozet\OG0653C_As_Atorva_Degr,Waters68,753,OG0653C_Assay_Atorvastatin,,,RRT 0.86 (Desfluoro-imp Atov),mees,,,54ea188b-65c3-481d-a4b4-25d2589f956b,False,e5447257-eb35-52c0-baf7-e9b5dd5b4ccd,W2489 ChA,,,,,,,,8.757,,,,,,,,,,"{ATTRIBUTE_15=0.00000000, LimsSampleId=7813184, Corr_Factor_Weight_Sample=1.0000000000, Column_ID=4.6mm, sample_pk=Identification Assay & Degradates (HPLC) - Atorvastatin_753_7813184_RPL1, Column_nr=7785779, Column_type=ascentis express c18, Column_length=15cm, Volume_Sample_Solution=104.160000, Column_temp=35°C, ExperimentId=753, file_id=1d30ab53-acee-4e68-b59b-557305902d04, LimsTestId=14560700, Assay_unit=mg/tab, Proc_Degr_Ref_Est_0=0.00000000, Sampleinformation=REP1}",Empower,4564658,Unknown,35.0,Empower,1905,Waters68,mees,15.0,,,4564658,Unknown,753,OG0653C_Assay_Atorvastatin,2025-08-29 11:40:08.000 UTC,2025-08-29,2025-08,35.0,Heist\2025_Q3\HPLC\Atozet\OG0653C_As_Atorva_Degr,1,"{LimsSampleId=7813184, Corr_Factor_Weight_Sample=1.0000000000, Column_ID=4.6mm, sample_pk=Identification Assay & Degradates (HPLC) - Atorvastatin_753_7813184_RPL1, Column_nr=7785779, Column_type=ascentis express c18, Column_length=15cm, Volume_Sample_Solution=104.160000, Column_temp=35°C, ExperimentId=753, file_id=1d30ab53-acee-4e68-b59b-557305902d04, LimsTestId=14560700, Assay_unit=mg/tab, Sampleinformation=REP1}",1
2025-08-01 12:15:16.000 UTC,2025-08-01,2025-08,Heist\2025_Q3\HPLC\Atozet\OG0653C_As_Atorva_Degr,Waters68,533,OG0653C_Assay_Atorvastatin,,,Atorvastatin,mees,,,3b6c08ea-dcae-40fa-a9ab-61d978fedb20,False,bba6e383-c715-59c4-aca9-e01774950191,W2489 ChA,10.075,11.875,94.43,8.178,3159930.0,39.66,2.869882,10.517,994.995515,1.105793,,,0.3768084,,0.1624611,,,"{ATTRIBUTE_15=136.30666156, Corrected_Area_Founds=3159929.7781, LimsSampleId=7810264, Corr_Factor_Weight_Sample=1.0000000000, Column_ID=4.6mm, Proc_Degr_Ref_Est=136.30666156, sample_pk=Identification Assay & Degradates (HPLC) - Atorvastatin_533_7810264_RPL1, Final_Proc_Degr_Ref_Est=136.30666156, Column_nr=7796323, Column_type=ascentis express c18, Corrected_Area_All=3159929.7781, Column_length=15cm, Volume_Sample_Solution=104.000000, Corr_Amount_Weight_Sample=8.17839969, Column_temp=35°C, ExperimentId=533, file_id=d722aa1d-af9f-450f-add2-680348e26ae6, LimsTestId=14556305, Assay_unit=mg/tab, Proc_Degr_Ref_Est_0=136.30666156, Sampleinformation=REP1}",Empower,TDP_EMPOWER_DRYRUN_02,Unknown,35.0,Empower,1297,Waters68,mees,15.0,,,TDP_EMPOWER_DRYRUN_02,Unknown,533,OG0653C_Assay_Atorvastatin,2025-08-01 12:15:16.000 UTC,2025-08-01,2025-08,35.0,Heist\2025_Q3\HPLC\Atozet\OG0653C_As_Atorva_Degr,1,"{LimsSampleId=7810264, Corr_Factor_Weight_Sample=1.0000000000, Column_ID=4.6mm, sample_pk=Identification Assay & Degradates (HPLC) - Atorvastatin_533_7810264_RPL1, Column_nr=7796323, Column_type=ascentis express c18, Column_length=15cm, Volume_Sample_Solution=104.000000, Column_temp=35°C, ExperimentId=533, file_id=d722aa1d-af9f-450f-add2-680348e26ae6, LimsTestId=14556305, Assay_unit=mg/tab, Sampleinformation=REP1}",1
2025-08-11 17:49:14.000 UTC,2025-08-11,2025-08,Heist\2025_Q3\HPLC\Atozet\OG0653C_As_Atorva_Degr,Waters68,608,OG0653C_Assay_Atorvastatin,,,Oxo-Atorvastatin,mees,,,19587557-f4f5-4d62-90f7-14fd3830df7a,False,ce1b754c-d978-5551-afed-2e3f03042ca1,W2489 ChA,,,,,,,,9.607,,,,,,,,,,"{ATTRIBUTE_15=0.00000000, Column_ID=4.6mm, Column_temp=35°C, ExperimentId=608, Final_Proc_Degr_Ref_Est=ND, Proc_Degr_Ref_Est_0=0.00000000, Column_nr=7796323, Column_type=ascentis express c18, Column_length=15cm}",Empower,Lactone SS,Unknown,35.0,Empower,1435,Waters68,mees,15.0,,,Lactone SS,Unknown,608,OG0653C_Assay_Atorvastatin,2025-08-11 17:49:14.000 UTC,2025-08-11,2025-08,35.0,Heist\2025_Q3\HPLC\Atozet\OG0653C_As_Atorva_Degr,1,"{Column_ID=4.6mm, Column_temp=35°C, ExperimentId=608, Column_nr=7796323, Column_type=ascentis express c18, Column_length=15cm}",1
2025-08-28 10:08:18.000 UTC,2025-08-28,2025-08,Heist\2025_Q3\HPLC\Atozet\OG0653C_As_Atorva_Degr,Waters68,741,OG0653C_Assay_Atorvastatin,,,Ezetimibe,mees,,,23701102-1880-4507-82f2-60d20c15d28f,False,bf0b1525-3708-58b0-8667-b8e87c16a4c8,W2489 ChA,,,,,,,,7.826,,,,,,,,,,,Empower,STD,Standard,35.0,Empower,1641,Waters68,mees,15.0,,,STD,Standard,741,OG0653C_Assay_Atorvastatin,2025-08-28 10:08:18.000 UTC,2025-08-28,2025-08,35.0,Heist\2025_Q3\HPLC\Atozet\OG0653C_As_Atorva_Degr,2,"{LimsSampleId=7786902, Column_ID=4.6mm, Column_temp=35°C, ExperimentId=741, LimsTestId=14527279, Column_nr=7785779, Column_type=ascentis express c18, Column_length=15cm}",10
2025-08-11 17:13:17.000 UTC,2025-08-11,2025-08,Heist\2025_Q3\HPLC\Atozet\OG0653C_As_Atorva_Degr,Waters68,608,OG0653C_Assay_Atorvastatin,,,SCH59566 (deg Ezet),mees,,,6f99342b-8404-4275-807e-e934057e3416,False,aca2dbb7-9b1a-5d4b-914a-f8fe05715ee2,W2489 ChA,,,,,,,,12.99,,,,,,,,,,"{ATTRIBUTE_15=0.00000000, Column_ID=4.6mm, Column_temp=35°C, ExperimentId=608, Proc_Degr_Ref_Est_0=0.00000000, Column_nr=7796323, Column_type=ascentis express c18, Column_length=15cm}",Empower,0.1% LOQ,Unknown,35.0,Empower,1432,Waters68,mees,15.0,,,0.1% LOQ,Unknown,608,OG0653C_Assay_Atorvastatin,2025-08-11 17:13:17.000 UTC,2025-08-11,2025-08,35.0,Heist\2025_Q3\HPLC\Atozet\OG0653C_As_Atorva_Degr,1,"{Column_ID=4.6mm, Column_temp=35°C, ExperimentId=608, Column_nr=7796323, Column_type=ascentis express c18, Column_length=15cm}",1
2024-06-25 10:51:39.000 UTC,2024-06-25,2024-06,Heist\Tetrascience\Atozet_As_DEG_Atorvastatin_new,Waters68,HEI_2024_1234,OG0653C_Assay_Atorvastatin,,,Oxo-Atorvastatin,demeutte,,,1dfbc861-e5a2-489d-9a4d-07739891ec41,False,f6615217-6243-55b0-a938-95e44d85fdaf,W2489 ChA,,,,,,,,9.522,,,,,,,,,,"{ATTRIBUTE_15=0.00000000, LimsSampleId=7743902, Corr_Factor_Weight_Sample=1.0000000000, Column_ID=4.6mm, Final_Proc_Degr_Ref_Est=ND, Column_nr=FZ, Column_type=ascentis express c18, Column_length=15cm, Volume_Sample_Solution=104.160000, Column_temp=35°C, LimsTestId=14473937, Assay_unit=mg/tab, Proc_Degr_Ref_Est_0=0.00000000, LabwareFileId=68340e09-880e-4f92-b2aa-4044e8b75dd2}",Empower,7743902,Unknown,35.0,Empower,1618,Waters68,demeutte,15.0,,,7743902,Unknown,HEI_2024_1234,OG0653C_Assay_Atorvastatin,2024-06-25 10:51:39.000 UTC,2024-06-25,2024-06,35.0,Heist\Tetrascience\Atozet_As_DEG_Atorvastatin_new,1,"{LimsSampleId=7743902, Corr_Factor_Weight_Sample=1.0000000000, Volume_Sample_Solution=104.160000, Column_ID=4.6mm, Column_temp=35°C, LimsTestId=14473937, Assay_unit=mg/tab, Column_nr=FZ, Column_type=ascentis express c18, LabwareFileId=68340e09-880e-4f92-b2aa-4044e8b75dd2, Column_length=15cm}",1
2024-06-25 11:27:33.000 UTC,2024-06-25,2024-06,Heist\Tetrascience\Atozet_As_DEG_Atorvastatin_new,Waters68,HEI_2024_1234,OG0653C_Assay_Atorvastatin,,,,demeutte,,,1c7e45e1-0945-4b31-bec0-3d30f8d2ff2b,False,b9964007-8451-592e-a3e0-5858699ddf74,W2489 ChA,21.5,21.85,0.05,0.021,1026.0,0.02,,21.689,,,,,,,,,,"{ATTRIBUTE_15=0.05174078, LimsSampleId=7743902, Corr_Factor_Weight_Sample=1.0000000000, Column_ID=4.6mm, Proc_Degr_Ref_Est=0.05174078, Final_Proc_Degr_Ref_Est=NQ, Column_nr=FZ, Column_type=ascentis express c18, Corrected_Area_All=1026.2012, Column_length=15cm, Volume_Sample_Solution=104.160000, Corr_Amount_Weight_Sample=0.02069631, Column_temp=35°C, LimsTestId=14473938, Assay_unit=mg/tab, Proc_Degr_Ref_Est_0=0.05174078, LabwareFileId=68340e09-880e-4f92-b2aa-4044e8b75dd2}",Empower,7743902,Unknown,35.0,Empower,1621,Waters68,demeutte,15.0,,,7743902,Unknown,HEI_2024_1234,OG0653C_Assay_Atorvastatin,2024-06-25 11:27:33.000 UTC,2024-06-25,2024-06,35.0,Heist\Tetrascience\Atozet_As_DEG_Atorvastatin_new,1,"{LimsSampleId=7743902, Corr_Factor_Weight_Sample=1.0000000000, Volume_Sample_Solution=104.160000, Column_ID=4.6mm, Column_temp=35°C, LimsTestId=14473938, Assay_unit=mg/tab, Column_nr=FZ, Column_type=ascentis express c18, LabwareFileId=68340e09-880e-4f92-b2aa-4044e8b75dd2, Column_length=15cm}",2
2024-06-24 10:50:51.000 UTC,2024-06-24,2024-06,Heist\Tetrascience\Atozet_As_DEG_Atorvastatin_new,Waters68,HEI_2024_3333,OG0653C_Assay_Atorvastatin,,,RRT 1.91,demeutte,,,8306cdbe-1fa0-439b-9bba-8c69dd7c7539,False,55c493b7-5389-5fb0-b5e1-8a5a76fbadc6,W2489 ChA,,,,,,,,19.332,,,,,,,,,,"{ATTRIBUTE_15=0.00000000, Column_ID=4.6mm, Column_temp=35°C, Proc_Degr_Ref_Est_0=0.00000000, Final_Proc_Degr_Ref_Est=ND, Column_nr=FZ, Column_type=ascentis express c18, LabwareFileId=f3491c0e-602a-4d32-be77-5e4d728b6d92, Column_length=15cm}",Empower,Diluent A,Unknown,35.0,Empower,1523,Waters68,demeutte,15.0,,,Diluent A,Unknown,HEI_2024_3333,OG0653C_Assay_Atorvastatin,2024-06-24 10:50:51.000 UTC,2024-06-24,2024-06,35.0,Heist\Tetrascience\Atozet_As_DEG_Atorvastatin_new,1,"{Column_ID=4.6mm, Column_temp=35°C, Column_nr=FZ, Column_type=ascentis express c18, LabwareFileId=f3491c0e-602a-4d32-be77-5e4d728b6d92, Column_length=15cm}",6
2024-06-20 13:00:07.000 UTC,2024-06-20,2024-06,Heist\Tetrascience\Atozet_As_DEG_Atorvastatin_new,Waters68,HEIST_2024_ZZZZ,OG0653C_Assay_Atorvastatin,,,RRT 0.70,vancaelk,,,d4907f41-25d5-4d6f-8046-4f8e4c203f6a,False,3c6b31fc-12f4-5701-9fb3-310439fd811c,W2489 ChA,,,,,,,,7.265,,,,,,,,,,,Empower,Ref,Standard,35.0,Empower,1402,Waters68,vancaelk,15.0,,,Ref,Standard,HEIST_2024_ZZZZ,OG0653C_Assay_Atorvastatin,2024-06-20 13:00:07.000 UTC,2024-06-20,2024-06,35.0,Heist\Tetrascience\Atozet_As_DEG_Atorvastatin_new,2,"{LimsSampleId=7742782, Column_ID=4.6mm, Column_temp=35°C, LimsTestId=14472588, Column_nr=FZ, Column_type=ascentis express c18, LabwareFileId=63af622c-86d2-436c-bb85-58ee51d4b08d, Column_length=15cm}",9
2024-06-24 11:26:51.000 UTC,2024-06-24,2024-06,Heist\Tetrascience\Atozet_As_DEG_Atorvastatin_new,Waters68,HEI_2024_3333,OG0653C_Assay_Atorvastatin,,,RRT 1.55,demeutte,,,e64e9707-b94c-44c7-a50c-bc3f1303b7f0,False,40863923-4f5e-5e18-acab-7fa0a323c674,W2489 ChA,,,,,,,,15.144,,,,,,,,,,"{ATTRIBUTE_15=0.00000000, Column_ID=4.6mm, Column_temp=35°C, Final_Proc_Degr_Ref_Est=ND, Proc_Degr_Ref_Est_0=0.00000000, Column_nr=FZ, Column_type=ascentis express c18, LabwareFileId=f3491c0e-602a-4d32-be77-5e4d728b6d92, Column_length=15cm}",Empower,Combined SS,Unknown,35.0,Empower,1526,Waters68,demeutte,15.0,,,Combined SS,Unknown,HEI_2024_3333,OG0653C_Assay_Atorvastatin,2024-06-24 11:26:51.000 UTC,2024-06-24,2024-06,35.0,Heist\Tetrascience\Atozet_As_DEG_Atorvastatin_new,1,"{Column_ID=4.6mm, Column_temp=35°C, Column_nr=FZ, Column_type=ascentis express c18, LabwareFileId=f3491c0e-602a-4d32-be77-5e4d728b6d92, Column_length=15cm}",3
2024-06-25 09:03:54.000 UTC,2024-06-25,2024-06,Heist\Tetrascience\Atozet_As_DEG_Atorvastatin_new,Waters68,HEI_2024_1234,OG0653C_Assay_Atorvastatin,,,RRT 0.65 (deg Ezet),demeutte,,,b05e7489-af69-4f5b-81d0-8f9edaec3c03,False,fef96df1-3287-52aa-b833-1700f9764302,W2489 ChA,,,,,,,,6.86,,,,,,,,,,"{ATTRIBUTE_15=0.00000000, Column_ID=4.6mm, Column_temp=35°C, Proc_Degr_Ref_Est_0=0.00000000, Column_nr=FZ, Column_type=ascentis express c18, LabwareFileId=68340e09-880e-4f92-b2aa-4044e8b75dd2, Column_length=15cm}",Empower,Diluent A,Unknown,35.0,Empower,1593,Waters68,demeutte,15.0,,,Diluent A,Unknown,HEI_2024_1234,OG0653C_Assay_Atorvastatin,2024-06-25 09:03:54.000 UTC,2024-06-25,2024-06,35.0,Heist\Tetrascience\Atozet_As_DEG_Atorvastatin_new,1,"{Column_ID=4.6mm, Column_temp=35°C, Column_nr=FZ, Column_type=ascentis express c18, LabwareFileId=68340e09-880e-4f92-b2aa-4044e8b75dd2, Column_length=15cm}",7
2024-06-25 10:51:39.000 UTC,2024-06-25,2024-06,Heist\Tetrascience\Atozet_As_DEG_Atorvastatin_new,Waters68,HEI_2024_1234,OG0653C_Assay_Atorvastatin,,,Atorvastatin,demeutte,,,1dfbc861-e5a2-489d-9a4d-07739891ec41,False,f6615217-6243-55b0-a938-95e44d85fdaf,W2489 ChA,9.608,11.175,89.8,37.678,1868202.0,36.81,2.740288,10.034,1016.377365,1.00507,,,0.3401791,,0.153658,,,"{ATTRIBUTE_15=94.19420876, Corrected_Area_Founds=1868201.7230, LimsSampleId=7743902, Corr_Factor_Weight_Sample=1.0000000000, Column_ID=4.6mm, Proc_Degr_Ref_Est=94.19420876, Final_Proc_Degr_Ref_Est=94.19420876, Column_nr=FZ, Column_type=ascentis express c18, Corrected_Area_All=1868201.7230, Column_length=15cm, Volume_Sample_Solution=104.160000, Corr_Amount_Weight_Sample=37.67768350, Column_temp=35°C, LimsTestId=14473937, Assay_unit=mg/tab, Proc_Degr_Ref_Est_0=94.19420876, LabwareFileId=68340e09-880e-4f92-b2aa-4044e8b75dd2}",Empower,7743902,Unknown,35.0,Empower,1618,Waters68,demeutte,15.0,,,7743902,Unknown,HEI_2024_1234,OG0653C_Assay_Atorvastatin,2024-06-25 10:51:39.000 UTC,2024-06-25,2024-06,35.0,Heist\Tetrascience\Atozet_As_DEG_Atorvastatin_new,1,"{LimsSampleId=7743902, Corr_Factor_Weight_Sample=1.0000000000, Volume_Sample_Solution=104.160000, Column_ID=4.6mm, Column_temp=35°C, LimsTestId=14473937, Assay_unit=mg/tab, Column_nr=FZ, Column_type=ascentis express c18, LabwareFileId=68340e09-880e-4f92-b2aa-4044e8b75dd2, Column_length=15cm}",1
2024-06-24 12:38:43.000 UTC,2024-06-24,2024-06,Heist\Tetrascience\Atozet_As_DEG_Atorvastatin_new,Waters68,HEI_2024_3333,OG0653C_Assay_Atorvastatin,,,,demeutte,,,4014224e-17c5-4406-a95f-b741124cf347,False,ccfac136-bf57-5753-b680-e85b5bb83ce6,W2489 ChA,5.525,5.858,0.22,0.06,4521.0,0.09,,5.688,,,,,,,,,,"{ATTRIBUTE_15=0.14946163, LimsSampleId=7743901, Corr_Factor_Weight_Sample=1.0000000000, Column_ID=4.6mm, Proc_Degr_Ref_Est=0.14946163, Final_Proc_Degr_Ref_Est=0.14946163, Column_nr=FZ, Column_type=ascentis express c18, Corrected_Area_All=4520.6016, Column_length=15cm, Volume_Sample_Solution=104.160000, Corr_Amount_Weight_Sample=0.05978465, Column_temp=35°C, LimsTestId=14473909, Assay_unit=mg/tab, Proc_Degr_Ref_Est_0=0.14946163, LabwareFileId=f3491c0e-602a-4d32-be77-5e4d728b6d92}",Empower,7743901,Unknown,35.0,Empower,1532,Waters68,demeutte,15.0,,,7743901,Unknown,HEI_2024_3333,OG0653C_Assay_Atorvastatin,2024-06-24 12:38:43.000 UTC,2024-06-24,2024-06,35.0,Heist\Tetrascience\Atozet_As_DEG_Atorvastatin_new,1,"{LimsSampleId=7743901, Corr_Factor_Weight_Sample=1.0000000000, Volume_Sample_Solution=104.160000, Column_ID=4.6mm, Column_temp=35°C, LimsTestId=14473909, Assay_unit=mg/tab, Column_nr=FZ, Column_type=ascentis express c18, LabwareFileId=f3491c0e-602a-4d32-be77-5e4d728b6d92, Column_length=15cm}",1
2024-06-20 13:35:56.000 UTC,2024-06-20,2024-06,Heist\Tetrascience\Atozet_As_DEG_Atorvastatin_new,Waters68,HEIST_2024_ZZZZ,OG0653C_Assay_Atorvastatin,,,RRT 0.70,vancaelk,,,49ef29ff-e53a-422f-9653-2bf583244034,False,1b438ebe-5369-5d5c-868f-90d85f30b4c4,W2489 ChA,,,,,,,,7.294,,,,,,,,,,"{ATTRIBUTE_15=0.00000000, LimsSampleId=7742785, Corr_Factor_Weight_Sample=1.0000000000, Column_ID=4.6mm, Final_Proc_Degr_Ref_Est=ND, Column_nr=FZ, Column_type=ascentis express c18, Column_length=15cm, Volume_Sample_Solution=104.160000, Column_temp=35°C, LimsTestId=14472619, Assay_unit=mg/tab, Proc_Degr_Ref_Est_0=0.00000000, LabwareFileId=63af622c-86d2-436c-bb85-58ee51d4b08d}",Empower,7742785,Unknown,35.0,Empower,1405,Waters68,vancaelk,15.0,,,7742785,Unknown,HEIST_2024_ZZZZ,OG0653C_Assay_Atorvastatin,2024-06-20 13:35:56.000 UTC,2024-06-20,2024-06,35.0,Heist\Tetrascience\Atozet_As_DEG_Atorvastatin_new,2,"{LimsSampleId=7742785, Corr_Factor_Weight_Sample=1.0000000000, Volume_Sample_Solution=104.160000, Column_ID=4.6mm, Column_temp=35°C, LimsTestId=14472619, Assay_unit=mg/tab, Column_nr=FZ, Column_type=ascentis express c18, LabwareFileId=63af622c-86d2-436c-bb85-58ee51d4b08d, Column_length=15cm}",2
2024-06-24 10:50:51.000 UTC,2024-06-24,2024-06,Heist\Tetrascience\Atozet_As_DEG_Atorvastatin_new,Waters68,HEI_2024_3333,OG0653C_Assay_Atorvastatin,,,Diepoxy epoxide,demeutte,,,8306cdbe-1fa0-439b-9bba-8c69dd7c7539,False,55c493b7-5389-5fb0-b5e1-8a5a76fbadc6,W2489 ChA,,,,,,,,18.153,,,,,,,,,,"{ATTRIBUTE_15=0.00000000, Column_ID=4.6mm, Column_temp=35°C, Final_Proc_Degr_Ref_Est=ND, Proc_Degr_Ref_Est_0=0.00000000, Column_nr=FZ, Column_type=ascentis express c18, LabwareFileId=f3491c0e-602a-4d32-be77-5e4d728b6d92, Column_length=15cm}",Empower,Diluent A,Unknown,35.0,Empower,1523,Waters68,demeutte,15.0,,,Diluent A,Unknown,HEI_2024_3333,OG0653C_Assay_Atorvastatin,2024-06-24 10:50:51.000 UTC,2024-06-24,2024-06,35.0,Heist\Tetrascience\Atozet_As_DEG_Atorvastatin_new,1,"{Column_ID=4.6mm, Column_temp=35°C, Column_nr=FZ, Column_type=ascentis express c18, LabwareFileId=f3491c0e-602a-4d32-be77-5e4d728b6d92, Column_length=15cm}",6
2024-06-24 13:14:40.000 UTC,2024-06-24,2024-06,Heist\Tetrascience\Atozet_As_DEG_Atorvastatin_new,Waters68,HEI_2024_3333,OG0653C_Assay_Atorvastatin,,,RRT 0.86 (Desfluoro-imp Atov),demeutte,,,9316b8b4-a3a4-461f-8540-cb3c922e37e0,False,d7da01d2-dae3-5fc2-8233-43598414735d,W2489 ChA,,,,,,,,8.986,,,,,,,,,,"{ATTRIBUTE_15=0.00000000, LimsSampleId=7743901, Corr_Factor_Weight_Sample=1.0000000000, Column_ID=4.6mm, Column_nr=FZ, Column_type=ascentis express c18, Column_length=15cm, Volume_Sample_Solution=104.160000, Column_temp=35°C, LimsTestId=14473910, Assay_unit=mg/tab, Proc_Degr_Ref_Est_0=0.00000000, LabwareFileId=f3491c0e-602a-4d32-be77-5e4d728b6d92}",Empower,7743901,Unknown,35.0,Empower,1535,Waters68,demeutte,15.0,,,7743901,Unknown,HEI_2024_3333,OG0653C_Assay_Atorvastatin,2024-06-24 13:14:40.000 UTC,2024-06-24,2024-06,35.0,Heist\Tetrascience\Atozet_As_DEG_Atorvastatin_new,1,"{LimsSampleId=7743901, Corr_Factor_Weight_Sample=1.0000000000, Volume_Sample_Solution=104.160000, Column_ID=4.6mm, Column_temp=35°C, LimsTestId=14473910, Assay_unit=mg/tab, Column_nr=FZ, Column_type=ascentis express c18, LabwareFileId=f3491c0e-602a-4d32-be77-5e4d728b6d92, Column_length=15cm}",2
2024-06-20 14:11:42.000 UTC,2024-06-20,2024-06,Heist\Tetrascience\Atozet_As_DEG_Atorvastatin_new,Waters68,HEIST_2024_ZZZZ,OG0653C_Assay_Atorvastatin,,,,vancaelk,,,88ca7cdb-c9a0-4b76-aed6-aea8afc40851,False,9621d455-af9a-588b-b738-7f447b09ed7b,W2489 ChA,5.517,5.858,0.18,0.075,3662.0,0.07,,5.7,,,,,,,,,,"{ATTRIBUTE_15=0.18791026, LimsSampleId=7742785, Corr_Factor_Weight_Sample=1.0000000000, Column_ID=4.6mm, Proc_Degr_Ref_Est=0.18791026, Final_Proc_Degr_Ref_Est=0.18791026, Column_nr=FZ, Column_type=ascentis express c18, Corrected_Area_All=3662.3631, Column_length=15cm, Volume_Sample_Solution=104.160000, Corr_Amount_Weight_Sample=0.07516410, Column_temp=35°C, LimsTestId=14472620, Assay_unit=mg/tab, Proc_Degr_Ref_Est_0=0.18791026, LabwareFileId=63af622c-86d2-436c-bb85-58ee51d4b08d}",Empower,7742785,Unknown,35.0,Empower,1408,Waters68,vancaelk,15.0,,,7742785,Unknown,HEIST_2024_ZZZZ,OG0653C_Assay_Atorvastatin,2024-06-20 14:11:42.000 UTC,2024-06-20,2024-06,35.0,Heist\Tetrascience\Atozet_As_DEG_Atorvastatin_new,2,"{LimsSampleId=7742785, Corr_Factor_Weight_Sample=1.0000000000, Volume_Sample_Solution=104.160000, Column_ID=4.6mm, Column_temp=35°C, LimsTestId=14472620, Assay_unit=mg/tab, Column_nr=FZ, Column_type=ascentis express c18, LabwareFileId=63af622c-86d2-436c-bb85-58ee51d4b08d, Column_length=15cm}",3
2024-06-20 12:24:22.000 UTC,2024-06-20,2024-06,Heist\Tetrascience\Atozet_As_DEG_Atorvastatin_new,Waters68,HEIST_2024_ZZZZ,OG0653C_Assay_Atorvastatin,,,Diepoxy epoxide,vancaelk,,,f52eb800-aad8-474c-9c94-36d0148bff91,False,9e63f09c-a7cf-5022-8d63-871d54160816,W2489 ChA,,,,,,,,18.426,,,,,,,,,,"{ATTRIBUTE_15=0.00000000, Column_ID=4.6mm, Column_temp=35°C, Final_Proc_Degr_Ref_Est=ND, Proc_Degr_Ref_Est_0=0.00000000, Column_nr=FZ, Column_type=ascentis express c18, LabwareFileId=63af622c-86d2-436c-bb85-58ee51d4b08d, Column_length=15cm}",Empower,Combined SS,Unknown,35.0,Empower,1399,Waters68,vancaelk,15.0,,,Combined SS,Unknown,HEIST_2024_ZZZZ,OG0653C_Assay_Atorvastatin,2024-06-20 12:24:22.000 UTC,2024-06-20,2024-06,35.0,Heist\Tetrascience\Atozet_As_DEG_Atorvastatin_new,2,"{Column_ID=4.6mm, Column_temp=35°C, Column_nr=FZ, Column_type=ascentis express c18, LabwareFileId=63af622c-86d2-436c-bb85-58ee51d4b08d, Column_length=15cm}",2
2024-06-20 13:00:07.000 UTC,2024-06-20,2024-06,Heist\Tetrascience\Atozet_As_DEG_Atorvastatin_new,Waters68,HEIST_2024_ZZZZ,OG0653C_Assay_Atorvastatin,,,RRT 0.65 (deg Ezet),vancaelk,,,d4907f41-25d5-4d6f-8046-4f8e4c203f6a,False,3c6b31fc-12f4-5701-9fb3-310439fd811c,W2489 ChA,,,,,,,,6.86,,,,,,,,,,,Empower,Ref,Standard,35.0,Empower,1402,Waters68,vancaelk,15.0,,,Ref,Standard,HEIST_2024_ZZZZ,OG0653C_Assay_Atorvastatin,2024-06-20 13:00:07.000 UTC,2024-06-20,2024-06,35.0,Heist\Tetrascience\Atozet_As_DEG_Atorvastatin_new,2,"{LimsSampleId=7742782, Column_ID=4.6mm, Column_temp=35°C, LimsTestId=14472588, Column_nr=FZ, Column_type=ascentis express c18, LabwareFileId=63af622c-86d2-436c-bb85-58ee51d4b08d, Column_length=15cm}",9
2024-06-20 12:24:22.000 UTC,2024-06-20,2024-06,Heist\Tetrascience\Atozet_As_DEG_Atorvastatin_new,Waters68,HEIST_2024_ZZZZ,OG0653C_Assay_Atorvastatin,,,RRT 0.86 (Desfluoro-imp Atov),vancaelk,,,f52eb800-aad8-474c-9c94-36d0148bff91,False,9e63f09c-a7cf-5022-8d63-871d54160816,W2489 ChA,,,,,,,,8.986,,,,,,,,,,"{ATTRIBUTE_15=0.00000000, Column_ID=4.6mm, Column_temp=35°C, Proc_Degr_Ref_Est_0=0.00000000, Column_nr=FZ, Column_type=ascentis express c18, LabwareFileId=63af622c-86d2-436c-bb85-58ee51d4b08d, Column_length=15cm}",Empower,Combined SS,Unknown,35.0,Empower,1399,Waters68,vancaelk,15.0,,,Combined SS,Unknown,HEIST_2024_ZZZZ,OG0653C_Assay_Atorvastatin,2024-06-20 12:24:22.000 UTC,2024-06-20,2024-06,35.0,Heist\Tetrascience\Atozet_As_DEG_Atorvastatin_new,2,"{Column_ID=4.6mm, Column_temp=35°C, Column_nr=FZ, Column_type=ascentis express c18, LabwareFileId=63af622c-86d2-436c-bb85-58ee51d4b08d, Column_length=15cm}",2
2024-06-25 09:39:53.000 UTC,2024-06-25,2024-06,Heist\Tetrascience\Atozet_As_DEG_Atorvastatin_new,Waters68,HEI_2024_1234,OG0653C_Assay_Atorvastatin,,,,demeutte,,,5ba36a38-3a47-4ccd-a317-deac06aca25c,False,7759dcde-1929-52ea-b039-1dfadcac7177,W2489 ChA,8.317,8.858,,,1557.0,0.03,,8.622,,,,,,,,,,"{ATTRIBUTE_15=0.00000000, Column_ID=4.6mm, Column_temp=35°C, Final_Proc_Degr_Ref_Est=ND, Proc_Degr_Ref_Est_0=0.00000000, Column_nr=FZ, Column_type=ascentis express c18, Corrected_Area_All=1557.2744, LabwareFileId=68340e09-880e-4f92-b2aa-4044e8b75dd2, Column_length=15cm}",Empower,Combined SS,Unknown,35.0,Empower,1596,Waters68,demeutte,15.0,,,Combined SS,Unknown,HEI_2024_1234,OG0653C_Assay_Atorvastatin,2024-06-25 09:39:53.000 UTC,2024-06-25,2024-06,35.0,Heist\Tetrascience\Atozet_As_DEG_Atorvastatin_new,1,"{Column_ID=4.6mm, Column_temp=35°C, Column_nr=FZ, Column_type=ascentis express c18, LabwareFileId=68340e09-880e-4f92-b2aa-4044e8b75dd2, Column_length=15cm}",4
2025-06-10 20:56:17.000 UTC,2025-06-10,2025-06,Heist\2025_Q2\HPLC\Atozet\OG0653C_As_Atorva_Degr,Waters68,366,OG0653C_Assay_Atorvastatin,,,RRT 0.65 (deg Ezet),demeutte,,,4058f34a-7297-4311-bfde-40caeb78f73e,False,a0df0988-014d-5209-af74-a28012e449e9,W2489 ChA,,,,,,,,6.86,,,,,,,,,,,Empower,STD,Standard,35.0,Empower,1093,Waters68,demeutte,15.0,,,STD,Standard,366,OG0653C_Assay_Atorvastatin,2025-06-10 20:56:17.000 UTC,2025-06-10,2025-06,35.0,Heist\2025_Q2\HPLC\Atozet\OG0653C_As_Atorva_Degr,1,"{LimsSampleId=7786902, Column_ID=4.6mm, Column_temp=35°C, ExperimentId=366, LimsTestId=14527279, Column_nr=47627389, Column_type=ascentis express c18, Column_length=15cm}",2
2025-06-10 20:20:26.000 UTC,2025-06-10,2025-06,Heist\2025_Q2\HPLC\Atozet\OG0653C_As_Atorva_Degr,Waters68,366,OG0653C_Assay_Atorvastatin,,,Diepoxy epoxide,demeutte,,,a88c80d6-400a-49d1-ba6d-47e1cc3492ba,False,6d88bf2e-c3d0-51c6-845a-070af266deaf,W2489 ChA,,,,,,,,18.095,,,,,,,,,,,Empower,STD,Standard,35.0,Empower,1090,Waters68,demeutte,15.0,,,STD,Standard,366,OG0653C_Assay_Atorvastatin,2025-06-10 20:20:26.000 UTC,2025-06-10,2025-06,35.0,Heist\2025_Q2\HPLC\Atozet\OG0653C_As_Atorva_Degr,1,"{LimsSampleId=7786902, Column_ID=4.6mm, Column_temp=35°C, ExperimentId=366, LimsTestId=14527279, Column_nr=47627389, Column_type=ascentis express c18, Column_length=15cm}",1
2025-06-10 18:32:36.000 UTC,2025-06-10,2025-06,Heist\2025_Q2\HPLC\Atozet\OG0653C_As_Atorva_Degr,Waters68,366,OG0653C_Assay_Atorvastatin,,,RRT 1.55,demeutte,,,d68b193b-d44a-40b9-bb25-29e3baf8e3c2,False,d7ecb64a-5dcd-5508-935d-8c8967d5fbdc,W2489 ChA,,,,,,,,15.687,,,,,,,,,,"{ATTRIBUTE_15=0.00000000, Column_ID=4.6mm, Column_temp=35°C, ExperimentId=366, Final_Proc_Degr_Ref_Est=ND, Proc_Degr_Ref_Est_0=0.00000000, Column_nr=47627389, Column_type=ascentis express c18, Column_length=15cm}",Empower,Working Ox deg sol,Unknown,35.0,Empower,1081,Waters68,demeutte,15.0,,,Working Ox deg sol,Unknown,366,OG0653C_Assay_Atorvastatin,2025-06-10 18:32:36.000 UTC,2025-06-10,2025-06,35.0,Heist\2025_Q2\HPLC\Atozet\OG0653C_As_Atorva_Degr,1,"{Column_ID=4.6mm, Column_temp=35°C, ExperimentId=366, Column_nr=47627389, Column_type=ascentis express c18, Column_length=15cm}",1
2025-06-10 20:20:26.000 UTC,2025-06-10,2025-06,Heist\2025_Q2\HPLC\Atozet\OG0653C_As_Atorva_Degr,Waters68,366,OG0653C_Assay_Atorvastatin,,,RRT 0.65 (deg Ezet),demeutte,,,a88c80d6-400a-49d1-ba6d-47e1cc3492ba,False,6d88bf2e-c3d0-51c6-845a-070af266deaf,W2489 ChA,,,,,,,,6.86,,,,,,,,,,,Empower,STD,Standard,35.0,Empower,1090,Waters68,demeutte,15.0,,,STD,Standard,366,OG0653C_Assay_Atorvastatin,2025-06-10 20:20:26.000 UTC,2025-06-10,2025-06,35.0,Heist\2025_Q2\HPLC\Atozet\OG0653C_As_Atorva_Degr,1,"{LimsSampleId=7786902, Column_ID=4.6mm, Column_temp=35°C, ExperimentId=366, LimsTestId=14527279, Column_nr=47627389, Column_type=ascentis express c18, Column_length=15cm}",1
2024-06-24 12:02:46.000 UTC,2024-06-24,2024-06,Heist\Tetrascience\Atozet_As_DEG_Atorvastatin_new,Waters68,HEI_2024_3333,OG0653C_Assay_Atorvastatin,,,Atorvastatin Lactone,demeutte,,,1b1eb5b0-b23d-4e8a-8afb-986bfd95bf24,False,a975fb23-f2d3-51e3-953b-c3adc8871ac2,W2489 ChA,16.3,16.642,,,7732.0,0.21,,16.494,,,,,,,,,,"{Corrected_Area_Founds=7732.4867, LimsSampleId=7743898, Column_ID=4.6mm, Column_temp=35°C, LimsTestId=14473895, Column_nr=FZ, Column_type=ascentis express c18, Corrected_Area_All=7732.4867, LabwareFileId=f3491c0e-602a-4d32-be77-5e4d728b6d92, Column_length=15cm}",Empower,Ref,Standard,35.0,Empower,1529,Waters68,demeutte,15.0,,,Ref,Standard,HEI_2024_3333,OG0653C_Assay_Atorvastatin,2024-06-24 12:02:46.000 UTC,2024-06-24,2024-06,35.0,Heist\Tetrascience\Atozet_As_DEG_Atorvastatin_new,1,"{LimsSampleId=7743898, Column_ID=4.6mm, Column_temp=35°C, LimsTestId=14473895, Column_nr=FZ, Column_type=ascentis express c18, LabwareFileId=f3491c0e-602a-4d32-be77-5e4d728b6d92, Column_length=15cm}",10
2024-06-24 11:26:51.000 UTC,2024-06-24,2024-06,Heist\Tetrascience\Atozet_As_DEG_Atorvastatin_new,Waters68,HEI_2024_3333,OG0653C_Assay_Atorvastatin,,,SCH59566 (deg Ezet),demeutte,,,e64e9707-b94c-44c7-a50c-bc3f1303b7f0,False,40863923-4f5e-5e18-acab-7fa0a323c674,W2489 ChA,12.033,13.0,,,360583.0,7.12,,12.611,,,,,,,,,,"{ATTRIBUTE_15=0.00000000, Corrected_Area_Founds=360582.7002, Column_ID=4.6mm, Column_temp=35°C, Proc_Degr_Ref_Est_0=0.00000000, Column_nr=FZ, Column_type=ascentis express c18, Corrected_Area_All=360582.7002, LabwareFileId=f3491c0e-602a-4d32-be77-5e4d728b6d92, Column_length=15cm}",Empower,Combined SS,Unknown,35.0,Empower,1526,Waters68,demeutte,15.0,,,Combined SS,Unknown,HEI_2024_3333,OG0653C_Assay_Atorvastatin,2024-06-24 11:26:51.000 UTC,2024-06-24,2024-06,35.0,Heist\Tetrascience\Atozet_As_DEG_Atorvastatin_new,1,"{Column_ID=4.6mm, Column_temp=35°C, Column_nr=FZ, Column_type=ascentis express c18, LabwareFileId=f3491c0e-602a-4d32-be77-5e4d728b6d92, Column_length=15cm}",3
2024-06-24 10:50:51.000 UTC,2024-06-24,2024-06,Heist\Tetrascience\Atozet_As_DEG_Atorvastatin_new,Waters68,HEI_2024_3333,OG0653C_Assay_Atorvastatin,,,Dihydroxy epoxide,demeutte,,,8306cdbe-1fa0-439b-9bba-8c69dd7c7539,False,55c493b7-5389-5fb0-b5e1-8a5a76fbadc6,W2489 ChA,,,,,,,,20.168,,,,,,,,,,"{ATTRIBUTE_15=0.00000000, Column_ID=4.6mm, Column_temp=35°C, Final_Proc_Degr_Ref_Est=ND, Proc_Degr_Ref_Est_0=0.00000000, Column_nr=FZ, Column_type=ascentis express c18, LabwareFileId=f3491c0e-602a-4d32-be77-5e4d728b6d92, Column_length=15cm}",Empower,Diluent A,Unknown,35.0,Empower,1523,Waters68,demeutte,15.0,,,Diluent A,Unknown,HEI_2024_3333,OG0653C_Assay_Atorvastatin,2024-06-24 10:50:51.000 UTC,2024-06-24,2024-06,35.0,Heist\Tetrascience\Atozet_As_DEG_Atorvastatin_new,1,"{Column_ID=4.6mm, Column_temp=35°C, Column_nr=FZ, Column_type=ascentis express c18, LabwareFileId=f3491c0e-602a-4d32-be77-5e4d728b6d92, Column_length=15cm}",6
2024-06-20 12:24:22.000 UTC,2024-06-20,2024-06,Heist\Tetrascience\Atozet_As_DEG_Atorvastatin_new,Waters68,HEIST_2024_ZZZZ,OG0653C_Assay_Atorvastatin,,,,vancaelk,,,f52eb800-aad8-474c-9c94-36d0148bff91,False,9e63f09c-a7cf-5022-8d63-871d54160816,W2489 ChA,5.867,6.183,0.18,0.001,3729.0,0.08,,6.017,,,,,,,,,,"{ATTRIBUTE_15=0.00000000, Column_ID=4.6mm, Column_temp=35°C, Proc_Degr_Ref_Est_0=0.00000000, Final_Proc_Degr_Ref_Est=ND, Column_nr=FZ, Column_type=ascentis express c18, Corrected_Area_All=3728.5060, LabwareFileId=63af622c-86d2-436c-bb85-58ee51d4b08d, Column_length=15cm}",Empower,Combined SS,Unknown,35.0,Empower,1399,Waters68,vancaelk,15.0,,,Combined SS,Unknown,HEIST_2024_ZZZZ,OG0653C_Assay_Atorvastatin,2024-06-20 12:24:22.000 UTC,2024-06-20,2024-06,35.0,Heist\Tetrascience\Atozet_As_DEG_Atorvastatin_new,2,"{Column_ID=4.6mm, Column_temp=35°C, Column_nr=FZ, Column_type=ascentis express c18, LabwareFileId=63af622c-86d2-436c-bb85-58ee51d4b08d, Column_length=15cm}",2
2024-06-20 13:35:56.000 UTC,2024-06-20,2024-06,Heist\Tetrascience\Atozet_As_DEG_Atorvastatin_new,Waters68,HEIST_2024_ZZZZ,OG0653C_Assay_Atorvastatin,,,Hydroxyl isopropyl epoxide,vancaelk,,,49ef29ff-e53a-422f-9653-2bf583244034,False,1b438ebe-5369-5d5c-868f-90d85f30b4c4,W2489 ChA,,,,,,,,18.537,,,,,,,,,,"{ATTRIBUTE_15=0.00000000, LimsSampleId=7742785, Corr_Factor_Weight_Sample=1.0000000000, Column_ID=4.6mm, Final_Proc_Degr_Ref_Est=ND, Column_nr=FZ, Column_type=ascentis express c18, Column_length=15cm, Volume_Sample_Solution=104.160000, Column_temp=35°C, LimsTestId=14472619, Assay_unit=mg/tab, Proc_Degr_Ref_Est_0=0.00000000, LabwareFileId=63af622c-86d2-436c-bb85-58ee51d4b08d}",Empower,7742785,Unknown,35.0,Empower,1405,Waters68,vancaelk,15.0,,,7742785,Unknown,HEIST_2024_ZZZZ,OG0653C_Assay_Atorvastatin,2024-06-20 13:35:56.000 UTC,2024-06-20,2024-06,35.0,Heist\Tetrascience\Atozet_As_DEG_Atorvastatin_new,2,"{LimsSampleId=7742785, Corr_Factor_Weight_Sample=1.0000000000, Volume_Sample_Solution=104.160000, Column_ID=4.6mm, Column_temp=35°C, LimsTestId=14472619, Assay_unit=mg/tab, Column_nr=FZ, Column_type=ascentis express c18, LabwareFileId=63af622c-86d2-436c-bb85-58ee51d4b08d, Column_length=15cm}",2
2024-06-25 09:03:54.000 UTC,2024-06-25,2024-06,Heist\Tetrascience\Atozet_As_DEG_Atorvastatin_new,Waters68,HEI_2024_1234,OG0653C_Assay_Atorvastatin,,,Ezetimibe,demeutte,,,b05e7489-af69-4f5b-81d0-8f9edaec3c03,False,fef96df1-3287-52aa-b833-1700f9764302,W2489 ChA,,,,,,,,7.584,,,,,,,,,,"{ATTRIBUTE_15=0.00000000, Column_ID=4.6mm, Column_temp=35°C, Proc_Degr_Ref_Est_0=0.00000000, Column_nr=FZ, Column_type=ascentis express c18, LabwareFileId=68340e09-880e-4f92-b2aa-4044e8b75dd2, Column_length=15cm}",Empower,Diluent A,Unknown,35.0,Empower,1593,Waters68,demeutte,15.0,,,Diluent A,Unknown,HEI_2024_1234,OG0653C_Assay_Atorvastatin,2024-06-25 09:03:54.000 UTC,2024-06-25,2024-06,35.0,Heist\Tetrascience\Atozet_As_DEG_Atorvastatin_new,1,"{Column_ID=4.6mm, Column_temp=35°C, Column_nr=FZ, Column_type=ascentis express c18, LabwareFileId=68340e09-880e-4f92-b2aa-4044e8b75dd2, Column_length=15cm}",7
2024-06-20 14:11:42.000 UTC,2024-06-20,2024-06,Heist\Tetrascience\Atozet_As_DEG_Atorvastatin_new,Waters68,HEIST_2024_ZZZZ,OG0653C_Assay_Atorvastatin,,,RRT 0.86 (Desfluoro-imp Atov),vancaelk,,,88ca7cdb-c9a0-4b76-aed6-aea8afc40851,False,9621d455-af9a-588b-b738-7f447b09ed7b,W2489 ChA,,,,,,,,8.986,,,,,,,,,,"{ATTRIBUTE_15=0.00000000, LimsSampleId=7742785, Corr_Factor_Weight_Sample=1.0000000000, Column_ID=4.6mm, Column_nr=FZ, Column_type=ascentis express c18, Column_length=15cm, Volume_Sample_Solution=104.160000, Column_temp=35°C, LimsTestId=14472620, Assay_unit=mg/tab, Proc_Degr_Ref_Est_0=0.00000000, LabwareFileId=63af622c-86d2-436c-bb85-58ee51d4b08d}",Empower,7742785,Unknown,35.0,Empower,1408,Waters68,vancaelk,15.0,,,7742785,Unknown,HEIST_2024_ZZZZ,OG0653C_Assay_Atorvastatin,2024-06-20 14:11:42.000 UTC,2024-06-20,2024-06,35.0,Heist\Tetrascience\Atozet_As_DEG_Atorvastatin_new,2,"{LimsSampleId=7742785, Corr_Factor_Weight_Sample=1.0000000000, Volume_Sample_Solution=104.160000, Column_ID=4.6mm, Column_temp=35°C, LimsTestId=14472620, Assay_unit=mg/tab, Column_nr=FZ, Column_type=ascentis express c18, LabwareFileId=63af622c-86d2-436c-bb85-58ee51d4b08d, Column_length=15cm}",3
2024-06-24 12:38:43.000 UTC,2024-06-24,2024-06,Heist\Tetrascience\Atozet_As_DEG_Atorvastatin_new,Waters68,HEI_2024_3333,OG0653C_Assay_Atorvastatin,,,Ezetimibe,demeutte,,,4014224e-17c5-4406-a95f-b741124cf347,False,ccfac136-bf57-5753-b680-e85b5bb83ce6,W2489 ChA,7.275,8.325,,,2594810.0,51.84,,7.545,,,,,,,,,,"{ATTRIBUTE_15=0.00000000, Corrected_Area_Founds=2594810.3243, LimsSampleId=7743901, Corr_Factor_Weight_Sample=1.0000000000, Column_ID=4.6mm, Column_nr=FZ, Column_type=ascentis express c18, Corrected_Area_All=2594810.3243, Column_length=15cm, Volume_Sample_Solution=104.160000, Column_temp=35°C, LimsTestId=14473909, Assay_unit=mg/tab, Proc_Degr_Ref_Est_0=0.00000000, LabwareFileId=f3491c0e-602a-4d32-be77-5e4d728b6d92}",Empower,7743901,Unknown,35.0,Empower,1532,Waters68,demeutte,15.0,,,7743901,Unknown,HEI_2024_3333,OG0653C_Assay_Atorvastatin,2024-06-24 12:38:43.000 UTC,2024-06-24,2024-06,35.0,Heist\Tetrascience\Atozet_As_DEG_Atorvastatin_new,1,"{LimsSampleId=7743901, Corr_Factor_Weight_Sample=1.0000000000, Volume_Sample_Solution=104.160000, Column_ID=4.6mm, Column_temp=35°C, LimsTestId=14473909, Assay_unit=mg/tab, Column_nr=FZ, Column_type=ascentis express c18, LabwareFileId=f3491c0e-602a-4d32-be77-5e4d728b6d92, Column_length=15cm}",1
2024-06-20 12:24:22.000 UTC,2024-06-20,2024-06,Heist\Tetrascience\Atozet_As_DEG_Atorvastatin_new,Waters68,HEIST_2024_ZZZZ,OG0653C_Assay_Atorvastatin,,,Atorvastatin,vancaelk,,,f52eb800-aad8-474c-9c94-36d0148bff91,False,9e63f09c-a7cf-5022-8d63-871d54160816,W2489 ChA,9.842,11.7,92.62,0.371,1881831.0,37.87,2.890712,10.458,908.43718,1.043344,,,0.3337041,,0.1526137,,,"{ATTRIBUTE_15=0.00000000, Corrected_Area_Founds=1881830.7572, Column_ID=4.6mm, Column_temp=35°C, Proc_Degr_Ref_Est_0=0.00000000, Final_Proc_Degr_Ref_Est=ND, Column_nr=FZ, Column_type=ascentis express c18, Corrected_Area_All=1881830.7572, LabwareFileId=63af622c-86d2-436c-bb85-58ee51d4b08d, Column_length=15cm}",Empower,Combined SS,Unknown,35.0,Empower,1399,Waters68,vancaelk,15.0,,,Combined SS,Unknown,HEIST_2024_ZZZZ,OG0653C_Assay_Atorvastatin,2024-06-20 12:24:22.000 UTC,2024-06-20,2024-06,35.0,Heist\Tetrascience\Atozet_As_DEG_Atorvastatin_new,2,"{Column_ID=4.6mm, Column_temp=35°C, Column_nr=FZ, Column_type=ascentis express c18, LabwareFileId=63af622c-86d2-436c-bb85-58ee51d4b08d, Column_length=15cm}",2
2024-06-20 12:24:22.000 UTC,2024-06-20,2024-06,Heist\Tetrascience\Atozet_As_DEG_Atorvastatin_new,Waters68,HEIST_2024_ZZZZ,OG0653C_Assay_Atorvastatin,,,Diketo Epoxide,vancaelk,,,f52eb800-aad8-474c-9c94-36d0148bff91,False,9e63f09c-a7cf-5022-8d63-871d54160816,W2489 ChA,22.15,22.533,0.25,0.001,5138.0,0.1,,22.359,,,,,,,,,,"{ATTRIBUTE_15=0.00000000, Corrected_Area_Founds=5137.8965, Column_ID=4.6mm, Column_temp=35°C, Final_Proc_Degr_Ref_Est=ND, Proc_Degr_Ref_Est_0=0.00000000, Column_nr=FZ, Column_type=ascentis express c18, Corrected_Area_All=5137.8965, LabwareFileId=63af622c-86d2-436c-bb85-58ee51d4b08d, Column_length=15cm}",Empower,Combined SS,Unknown,35.0,Empower,1399,Waters68,vancaelk,15.0,,,Combined SS,Unknown,HEIST_2024_ZZZZ,OG0653C_Assay_Atorvastatin,2024-06-20 12:24:22.000 UTC,2024-06-20,2024-06,35.0,Heist\Tetrascience\Atozet_As_DEG_Atorvastatin_new,2,"{Column_ID=4.6mm, Column_temp=35°C, Column_nr=FZ, Column_type=ascentis express c18, LabwareFileId=63af622c-86d2-436c-bb85-58ee51d4b08d, Column_length=15cm}",2
2024-06-20 13:00:07.000 UTC,2024-06-20,2024-06,Heist\Tetrascience\Atozet_As_DEG_Atorvastatin_new,Waters68,HEIST_2024_ZZZZ,OG0653C_Assay_Atorvastatin,,,Atorvastatin,vancaelk,,,d4907f41-25d5-4d6f-8046-4f8e4c203f6a,False,3c6b31fc-12f4-5701-9fb3-310439fd811c,W2489 ChA,9.683,11.367,100.0,0.697,3539144.0,99.39,2.602668,10.131,2114.181337,1.081786,,,0.3905291,,0.1785816,,,"{Corrected_Area_Founds=3539143.8414, LimsSampleId=7742782, Column_ID=4.6mm, Column_temp=35°C, LimsTestId=14472588, Column_nr=FZ, Column_type=ascentis express c18, Corrected_Area_All=3539143.8414, LabwareFileId=63af622c-86d2-436c-bb85-58ee51d4b08d, Column_length=15cm}",Empower,Ref,Standard,35.0,Empower,1402,Waters68,vancaelk,15.0,,,Ref,Standard,HEIST_2024_ZZZZ,OG0653C_Assay_Atorvastatin,2024-06-20 13:00:07.000 UTC,2024-06-20,2024-06,35.0,Heist\Tetrascience\Atozet_As_DEG_Atorvastatin_new,2,"{LimsSampleId=7742782, Column_ID=4.6mm, Column_temp=35°C, LimsTestId=14472588, Column_nr=FZ, Column_type=ascentis express c18, LabwareFileId=63af622c-86d2-436c-bb85-58ee51d4b08d, Column_length=15cm}",9
2024-06-25 09:39:53.000 UTC,2024-06-25,2024-06,Heist\Tetrascience\Atozet_As_DEG_Atorvastatin_new,Waters68,HEI_2024_1234,OG0653C_Assay_Atorvastatin,,,Hydroxyl isopropyl epoxide,demeutte,,,5ba36a38-3a47-4ccd-a317-deac06aca25c,False,7759dcde-1929-52ea-b039-1dfadcac7177,W2489 ChA,,,,,,,,18.739,,,,,,,,,,"{ATTRIBUTE_15=0.00000000, Column_ID=4.6mm, Column_temp=35°C, Proc_Degr_Ref_Est_0=0.00000000, Final_Proc_Degr_Ref_Est=ND, Column_nr=FZ, Column_type=ascentis express c18, LabwareFileId=68340e09-880e-4f92-b2aa-4044e8b75dd2, Column_length=15cm}",Empower,Combined SS,Unknown,35.0,Empower,1596,Waters68,demeutte,15.0,,,Combined SS,Unknown,HEI_2024_1234,OG0653C_Assay_Atorvastatin,2024-06-25 09:39:53.000 UTC,2024-06-25,2024-06,35.0,Heist\Tetrascience\Atozet_As_DEG_Atorvastatin_new,1,"{Column_ID=4.6mm, Column_temp=35°C, Column_nr=FZ, Column_type=ascentis express c18, LabwareFileId=68340e09-880e-4f92-b2aa-4044e8b75dd2, Column_length=15cm}",4
2024-06-20 13:35:56.000 UTC,2024-06-20,2024-06,Heist\Tetrascience\Atozet_As_DEG_Atorvastatin_new,Waters68,HEIST_2024_ZZZZ,OG0653C_Assay_Atorvastatin,,,Dihydroxy epoxide,vancaelk,,,49ef29ff-e53a-422f-9653-2bf583244034,False,1b438ebe-5369-5d5c-868f-90d85f30b4c4,W2489 ChA,,,,,,,,19.91,,,,,,,,,,"{ATTRIBUTE_15=0.00000000, LimsSampleId=7742785, Corr_Factor_Weight_Sample=1.0000000000, Column_ID=4.6mm, Final_Proc_Degr_Ref_Est=ND, Column_nr=FZ, Column_type=ascentis express c18, Column_length=15cm, Volume_Sample_Solution=104.160000, Column_temp=35°C, LimsTestId=14472619, Assay_unit=mg/tab, Proc_Degr_Ref_Est_0=0.00000000, LabwareFileId=63af622c-86d2-436c-bb85-58ee51d4b08d}",Empower,7742785,Unknown,35.0,Empower,1405,Waters68,vancaelk,15.0,,,7742785,Unknown,HEIST_2024_ZZZZ,OG0653C_Assay_Atorvastatin,2024-06-20 13:35:56.000 UTC,2024-06-20,2024-06,35.0,Heist\Tetrascience\Atozet_As_DEG_Atorvastatin_new,2,"{LimsSampleId=7742785, Corr_Factor_Weight_Sample=1.0000000000, Volume_Sample_Solution=104.160000, Column_ID=4.6mm, Column_temp=35°C, LimsTestId=14472619, Assay_unit=mg/tab, Column_nr=FZ, Column_type=ascentis express c18, LabwareFileId=63af622c-86d2-436c-bb85-58ee51d4b08d, Column_length=15cm}",2
2024-06-20 13:35:56.000 UTC,2024-06-20,2024-06,Heist\Tetrascience\Atozet_As_DEG_Atorvastatin_new,Waters68,HEIST_2024_ZZZZ,OG0653C_Assay_Atorvastatin,,,,vancaelk,,,49ef29ff-e53a-422f-9653-2bf583244034,False,1b438ebe-5369-5d5c-868f-90d85f30b4c4,W2489 ChA,5.533,5.858,0.19,0.078,3811.0,0.08,,5.7,,,,,,,,,,"{ATTRIBUTE_15=0.19556087, LimsSampleId=7742785, Corr_Factor_Weight_Sample=1.0000000000, Column_ID=4.6mm, Proc_Degr_Ref_Est=0.19556087, Final_Proc_Degr_Ref_Est=0.19556087, Column_nr=FZ, Column_type=ascentis express c18, Corrected_Area_All=3811.4733, Column_length=15cm, Volume_Sample_Solution=104.160000, Corr_Amount_Weight_Sample=0.07822435, Column_temp=35°C, LimsTestId=14472619, Assay_unit=mg/tab, Proc_Degr_Ref_Est_0=0.19556087, LabwareFileId=63af622c-86d2-436c-bb85-58ee51d4b08d}",Empower,7742785,Unknown,35.0,Empower,1405,Waters68,vancaelk,15.0,,,7742785,Unknown,HEIST_2024_ZZZZ,OG0653C_Assay_Atorvastatin,2024-06-20 13:35:56.000 UTC,2024-06-20,2024-06,35.0,Heist\Tetrascience\Atozet_As_DEG_Atorvastatin_new,2,"{LimsSampleId=7742785, Corr_Factor_Weight_Sample=1.0000000000, Volume_Sample_Solution=104.160000, Column_ID=4.6mm, Column_temp=35°C, LimsTestId=14472619, Assay_unit=mg/tab, Column_nr=FZ, Column_type=ascentis express c18, LabwareFileId=63af622c-86d2-436c-bb85-58ee51d4b08d, Column_length=15cm}",2
2024-06-25 09:03:54.000 UTC,2024-06-25,2024-06,Heist\Tetrascience\Atozet_As_DEG_Atorvastatin_new,Waters68,HEI_2024_1234,OG0653C_Assay_Atorvastatin,,,Diepoxy epoxide,demeutte,,,b05e7489-af69-4f5b-81d0-8f9edaec3c03,False,fef96df1-3287-52aa-b833-1700f9764302,W2489 ChA,,,,,,,,18.153,,,,,,,,,,"{ATTRIBUTE_15=0.00000000, Column_ID=4.6mm, Column_temp=35°C, Final_Proc_Degr_Ref_Est=ND, Proc_Degr_Ref_Est_0=0.00000000, Column_nr=FZ, Column_type=ascentis express c18, LabwareFileId=68340e09-880e-4f92-b2aa-4044e8b75dd2, Column_length=15cm}",Empower,Diluent A,Unknown,35.0,Empower,1593,Waters68,demeutte,15.0,,,Diluent A,Unknown,HEI_2024_1234,OG0653C_Assay_Atorvastatin,2024-06-25 09:03:54.000 UTC,2024-06-25,2024-06,35.0,Heist\Tetrascience\Atozet_As_DEG_Atorvastatin_new,1,"{Column_ID=4.6mm, Column_temp=35°C, Column_nr=FZ, Column_type=ascentis express c18, LabwareFileId=68340e09-880e-4f92-b2aa-4044e8b75dd2, Column_length=15cm}",7
2024-06-20 14:11:42.000 UTC,2024-06-20,2024-06,Heist\Tetrascience\Atozet_As_DEG_Atorvastatin_new,Waters68,HEIST_2024_ZZZZ,OG0653C_Assay_Atorvastatin,,,RRT 0.65 (deg Ezet),vancaelk,,,88ca7cdb-c9a0-4b76-aed6-aea8afc40851,False,9621d455-af9a-588b-b738-7f447b09ed7b,W2489 ChA,,,,,,,,6.86,,,,,,,,,,"{ATTRIBUTE_15=0.00000000, LimsSampleId=7742785, Corr_Factor_Weight_Sample=1.0000000000, Column_ID=4.6mm, Column_nr=FZ, Column_type=ascentis express c18, Column_length=15cm, Volume_Sample_Solution=104.160000, Column_temp=35°C, LimsTestId=14472620, Assay_unit=mg/tab, Proc_Degr_Ref_Est_0=0.00000000, LabwareFileId=63af622c-86d2-436c-bb85-58ee51d4b08d}",Empower,7742785,Unknown,35.0,Empower,1408,Waters68,vancaelk,15.0,,,7742785,Unknown,HEIST_2024_ZZZZ,OG0653C_Assay_Atorvastatin,2024-06-20 14:11:42.000 UTC,2024-06-20,2024-06,35.0,Heist\Tetrascience\Atozet_As_DEG_Atorvastatin_new,2,"{LimsSampleId=7742785, Corr_Factor_Weight_Sample=1.0000000000, Volume_Sample_Solution=104.160000, Column_ID=4.6mm, Column_temp=35°C, LimsTestId=14472620, Assay_unit=mg/tab, Column_nr=FZ, Column_type=ascentis express c18, LabwareFileId=63af622c-86d2-436c-bb85-58ee51d4b08d, Column_length=15cm}",3
2024-06-20 13:35:56.000 UTC,2024-06-20,2024-06,Heist\Tetrascience\Atozet_As_DEG_Atorvastatin_new,Waters68,HEIST_2024_ZZZZ,OG0653C_Assay_Atorvastatin,,,RRT 0.65 (deg Ezet),vancaelk,,,49ef29ff-e53a-422f-9653-2bf583244034,False,1b438ebe-5369-5d5c-868f-90d85f30b4c4,W2489 ChA,,,,,,,,6.86,,,,,,,,,,"{ATTRIBUTE_15=0.00000000, LimsSampleId=7742785, Corr_Factor_Weight_Sample=1.0000000000, Column_ID=4.6mm, Column_nr=FZ, Column_type=ascentis express c18, Column_length=15cm, Volume_Sample_Solution=104.160000, Column_temp=35°C, LimsTestId=14472619, Assay_unit=mg/tab, Proc_Degr_Ref_Est_0=0.00000000, LabwareFileId=63af622c-86d2-436c-bb85-58ee51d4b08d}",Empower,7742785,Unknown,35.0,Empower,1405,Waters68,vancaelk,15.0,,,7742785,Unknown,HEIST_2024_ZZZZ,OG0653C_Assay_Atorvastatin,2024-06-20 13:35:56.000 UTC,2024-06-20,2024-06,35.0,Heist\Tetrascience\Atozet_As_DEG_Atorvastatin_new,2,"{LimsSampleId=7742785, Corr_Factor_Weight_Sample=1.0000000000, Volume_Sample_Solution=104.160000, Column_ID=4.6mm, Column_temp=35°C, LimsTestId=14472619, Assay_unit=mg/tab, Column_nr=FZ, Column_type=ascentis express c18, LabwareFileId=63af622c-86d2-436c-bb85-58ee51d4b08d, Column_length=15cm}",2
2024-06-20 14:11:42.000 UTC,2024-06-20,2024-06,Heist\Tetrascience\Atozet_As_DEG_Atorvastatin_new,Waters68,HEIST_2024_ZZZZ,OG0653C_Assay_Atorvastatin,,,,vancaelk,,,88ca7cdb-c9a0-4b76-aed6-aea8afc40851,False,9621d455-af9a-588b-b738-7f447b09ed7b,W2489 ChA,5.517,5.858,0.18,0.075,3662.0,0.07,,5.7,,,,,,,,,,"{ATTRIBUTE_15=0.18791026, LimsSampleId=7742785, Corr_Factor_Weight_Sample=1.0000000000, Column_ID=4.6mm, Proc_Degr_Ref_Est=0.18791026, Final_Proc_Degr_Ref_Est=0.18791026, Column_nr=FZ, Column_type=ascentis express c18, Corrected_Area_All=3662.3631, Column_length=15cm, Volume_Sample_Solution=104.160000, Corr_Amount_Weight_Sample=0.07516410, Column_temp=35°C, LimsTestId=14472620, Assay_unit=mg/tab, Proc_Degr_Ref_Est_0=0.18791026, LabwareFileId=63af622c-86d2-436c-bb85-58ee51d4b08d}",Empower,7742785,Unknown,35.0,Empower,1408,Waters68,vancaelk,15.0,,,7742785,Unknown,HEIST_2024_ZZZZ,OG0653C_Assay_Atorvastatin,2024-06-20 14:11:42.000 UTC,2024-06-20,2024-06,35.0,Heist\Tetrascience\Atozet_As_DEG_Atorvastatin_new,2,"{LimsSampleId=7742785, Corr_Factor_Weight_Sample=1.0000000000, Volume_Sample_Solution=104.160000, Column_ID=4.6mm, Column_temp=35°C, LimsTestId=14472620, Assay_unit=mg/tab, Column_nr=FZ, Column_type=ascentis express c18, LabwareFileId=63af622c-86d2-436c-bb85-58ee51d4b08d, Column_length=15cm}",3
2024-06-24 12:38:43.000 UTC,2024-06-24,2024-06,Heist\Tetrascience\Atozet_As_DEG_Atorvastatin_new,Waters68,HEI_2024_3333,OG0653C_Assay_Atorvastatin,,,RRT 0.86 (Desfluoro-imp Atov),demeutte,,,4014224e-17c5-4406-a95f-b741124cf347,False,ccfac136-bf57-5753-b680-e85b5bb83ce6,W2489 ChA,,,,,,,,8.986,,,,,,,,,,"{ATTRIBUTE_15=0.00000000, LimsSampleId=7743901, Corr_Factor_Weight_Sample=1.0000000000, Column_ID=4.6mm, Column_nr=FZ, Column_type=ascentis express c18, Column_length=15cm, Volume_Sample_Solution=104.160000, Column_temp=35°C, LimsTestId=14473909, Assay_unit=mg/tab, Proc_Degr_Ref_Est_0=0.00000000, LabwareFileId=f3491c0e-602a-4d32-be77-5e4d728b6d92}",Empower,7743901,Unknown,35.0,Empower,1532,Waters68,demeutte,15.0,,,7743901,Unknown,HEI_2024_3333,OG0653C_Assay_Atorvastatin,2024-06-24 12:38:43.000 UTC,2024-06-24,2024-06,35.0,Heist\Tetrascience\Atozet_As_DEG_Atorvastatin_new,1,"{LimsSampleId=7743901, Corr_Factor_Weight_Sample=1.0000000000, Volume_Sample_Solution=104.160000, Column_ID=4.6mm, Column_temp=35°C, LimsTestId=14473909, Assay_unit=mg/tab, Column_nr=FZ, Column_type=ascentis express c18, LabwareFileId=f3491c0e-602a-4d32-be77-5e4d728b6d92, Column_length=15cm}",1
2024-06-20 13:00:07.000 UTC,2024-06-20,2024-06,Heist\Tetrascience\Atozet_As_DEG_Atorvastatin_new,Waters68,HEIST_2024_ZZZZ,OG0653C_Assay_Atorvastatin,,,RRT 0.86 (Desfluoro-imp Atov),vancaelk,,,d4907f41-25d5-4d6f-8046-4f8e4c203f6a,False,3c6b31fc-12f4-5701-9fb3-310439fd811c,W2489 ChA,,,,,,,,8.986,,,,,,,,,,,Empower,Ref,Standard,35.0,Empower,1402,Waters68,vancaelk,15.0,,,Ref,Standard,HEIST_2024_ZZZZ,OG0653C_Assay_Atorvastatin,2024-06-20 13:00:07.000 UTC,2024-06-20,2024-06,35.0,Heist\Tetrascience\Atozet_As_DEG_Atorvastatin_new,2,"{LimsSampleId=7742782, Column_ID=4.6mm, Column_temp=35°C, LimsTestId=14472588, Column_nr=FZ, Column_type=ascentis express c18, LabwareFileId=63af622c-86d2-436c-bb85-58ee51d4b08d, Column_length=15cm}",9
2024-06-25 09:39:53.000 UTC,2024-06-25,2024-06,Heist\Tetrascience\Atozet_As_DEG_Atorvastatin_new,Waters68,HEI_2024_1234,OG0653C_Assay_Atorvastatin,,,SCH59566 (deg Ezet),demeutte,,,5ba36a38-3a47-4ccd-a317-deac06aca25c,False,7759dcde-1929-52ea-b039-1dfadcac7177,W2489 ChA,12.175,13.033,,,362591.0,7.08,,12.549,,,,,,,,,,"{Corrected_Area_Founds=362591.0054, ATTRIBUTE_15=0.00000000, Column_ID=4.6mm, Column_temp=35°C, Proc_Degr_Ref_Est_0=0.00000000, Column_nr=FZ, Column_type=ascentis express c18, Corrected_Area_All=362591.0054, LabwareFileId=68340e09-880e-4f92-b2aa-4044e8b75dd2, Column_length=15cm}",Empower,Combined SS,Unknown,35.0,Empower,1596,Waters68,demeutte,15.0,,,Combined SS,Unknown,HEI_2024_1234,OG0653C_Assay_Atorvastatin,2024-06-25 09:39:53.000 UTC,2024-06-25,2024-06,35.0,Heist\Tetrascience\Atozet_As_DEG_Atorvastatin_new,1,"{Column_ID=4.6mm, Column_temp=35°C, Column_nr=FZ, Column_type=ascentis express c18, LabwareFileId=68340e09-880e-4f92-b2aa-4044e8b75dd2, Column_length=15cm}",4
2024-06-20 12:24:22.000 UTC,2024-06-20,2024-06,Heist\Tetrascience\Atozet_As_DEG_Atorvastatin_new,Waters68,HEIST_2024_ZZZZ,OG0653C_Assay_Atorvastatin,,,Atorvastatin Lactone,vancaelk,,,f52eb800-aad8-474c-9c94-36d0148bff91,False,9e63f09c-a7cf-5022-8d63-871d54160816,W2489 ChA,16.417,16.833,5.01,0.02,101754.0,2.05,,16.642,,,,,,,,,,"{ATTRIBUTE_15=0.00000000, Corrected_Area_Founds=101753.8430, Column_ID=4.6mm, Column_temp=35°C, Final_Proc_Degr_Ref_Est=ND, Proc_Degr_Ref_Est_0=0.00000000, Column_nr=FZ, Column_type=ascentis express c18, Corrected_Area_All=101753.8430, LabwareFileId=63af622c-86d2-436c-bb85-58ee51d4b08d, Column_length=15cm}",Empower,Combined SS,Unknown,35.0,Empower,1399,Waters68,vancaelk,15.0,,,Combined SS,Unknown,HEIST_2024_ZZZZ,OG0653C_Assay_Atorvastatin,2024-06-20 12:24:22.000 UTC,2024-06-20,2024-06,35.0,Heist\Tetrascience\Atozet_As_DEG_Atorvastatin_new,2,"{Column_ID=4.6mm, Column_temp=35°C, Column_nr=FZ, Column_type=ascentis express c18, LabwareFileId=63af622c-86d2-436c-bb85-58ee51d4b08d, Column_length=15cm}",2
2024-06-24 12:02:46.000 UTC,2024-06-24,2024-06,Heist\Tetrascience\Atozet_As_DEG_Atorvastatin_new,Waters68,HEI_2024_3333,OG0653C_Assay_Atorvastatin,,,RRT 1.55,demeutte,,,1b1eb5b0-b23d-4e8a-8afb-986bfd95bf24,False,a975fb23-f2d3-51e3-953b-c3adc8871ac2,W2489 ChA,,,,,,,,15.059,,,,,,,,,,,Empower,Ref,Standard,35.0,Empower,1529,Waters68,demeutte,15.0,,,Ref,Standard,HEI_2024_3333,OG0653C_Assay_Atorvastatin,2024-06-24 12:02:46.000 UTC,2024-06-24,2024-06,35.0,Heist\Tetrascience\Atozet_As_DEG_Atorvastatin_new,1,"{LimsSampleId=7743898, Column_ID=4.6mm, Column_temp=35°C, LimsTestId=14473895, Column_nr=FZ, Column_type=ascentis express c18, LabwareFileId=f3491c0e-602a-4d32-be77-5e4d728b6d92, Column_length=15cm}",10
2024-06-24 11:26:51.000 UTC,2024-06-24,2024-06,Heist\Tetrascience\Atozet_As_DEG_Atorvastatin_new,Waters68,HEI_2024_3333,OG0653C_Assay_Atorvastatin,,,RRT 1.91,demeutte,,,e64e9707-b94c-44c7-a50c-bc3f1303b7f0,False,40863923-4f5e-5e18-acab-7fa0a323c674,W2489 ChA,,,,,,,,18.88,,,,,,,,,,"{ATTRIBUTE_15=0.00000000, Column_ID=4.6mm, Column_temp=35°C, Final_Proc_Degr_Ref_Est=ND, Proc_Degr_Ref_Est_0=0.00000000, Column_nr=FZ, Column_type=ascentis express c18, LabwareFileId=f3491c0e-602a-4d32-be77-5e4d728b6d92, Column_length=15cm}",Empower,Combined SS,Unknown,35.0,Empower,1526,Waters68,demeutte,15.0,,,Combined SS,Unknown,HEI_2024_3333,OG0653C_Assay_Atorvastatin,2024-06-24 11:26:51.000 UTC,2024-06-24,2024-06,35.0,Heist\Tetrascience\Atozet_As_DEG_Atorvastatin_new,1,"{Column_ID=4.6mm, Column_temp=35°C, Column_nr=FZ, Column_type=ascentis express c18, LabwareFileId=f3491c0e-602a-4d32-be77-5e4d728b6d92, Column_length=15cm}",3
2024-06-24 13:14:40.000 UTC,2024-06-24,2024-06,Heist\Tetrascience\Atozet_As_DEG_Atorvastatin_new,Waters68,HEI_2024_3333,OG0653C_Assay_Atorvastatin,,,,demeutte,,,9316b8b4-a3a4-461f-8540-cb3c922e37e0,False,d7da01d2-dae3-5fc2-8233-43598414735d,W2489 ChA,3.517,4.033,1.65,0.449,33951.0,0.67,,3.759,,,,,,,,,,"{ATTRIBUTE_15=1.12250839, LimsSampleId=7743901, Corr_Factor_Weight_Sample=1.0000000000, Column_ID=4.6mm, Proc_Degr_Ref_Est=1.12250839, Final_Proc_Degr_Ref_Est=1.12250839, Column_nr=FZ, Column_type=ascentis express c18, Corrected_Area_All=33951.2779, Column_length=15cm, Volume_Sample_Solution=104.160000, Corr_Amount_Weight_Sample=0.44900336, Column_temp=35°C, LimsTestId=14473910, Assay_unit=mg/tab, Proc_Degr_Ref_Est_0=1.12250839, LabwareFileId=f3491c0e-602a-4d32-be77-5e4d728b6d92}",Empower,7743901,Unknown,35.0,Empower,1535,Waters68,demeutte,15.0,,,7743901,Unknown,HEI_2024_3333,OG0653C_Assay_Atorvastatin,2024-06-24 13:14:40.000 UTC,2024-06-24,2024-06,35.0,Heist\Tetrascience\Atozet_As_DEG_Atorvastatin_new,1,"{LimsSampleId=7743901, Corr_Factor_Weight_Sample=1.0000000000, Volume_Sample_Solution=104.160000, Column_ID=4.6mm, Column_temp=35°C, LimsTestId=14473910, Assay_unit=mg/tab, Column_nr=FZ, Column_type=ascentis express c18, LabwareFileId=f3491c0e-602a-4d32-be77-5e4d728b6d92, Column_length=15cm}",2
2024-06-24 12:38:43.000 UTC,2024-06-24,2024-06,Heist\Tetrascience\Atozet_As_DEG_Atorvastatin_new,Waters68,HEI_2024_3333,OG0653C_Assay_Atorvastatin,,,SCH59566 (deg Ezet),demeutte,,,4014224e-17c5-4406-a95f-b741124cf347,False,ccfac136-bf57-5753-b680-e85b5bb83ce6,W2489 ChA,12.1,12.975,,,355877.0,7.11,,12.59,,,,,,,,,,"{Corrected_Area_Founds=355876.6923, ATTRIBUTE_15=0.00000000, LimsSampleId=7743901, Corr_Factor_Weight_Sample=1.0000000000, Column_ID=4.6mm, Column_nr=FZ, Column_type=ascentis express c18, Corrected_Area_All=355876.6923, Column_length=15cm, Volume_Sample_Solution=104.160000, Column_temp=35°C, LimsTestId=14473909, Assay_unit=mg/tab, Proc_Degr_Ref_Est_0=0.00000000, LabwareFileId=f3491c0e-602a-4d32-be77-5e4d728b6d92}",Empower,7743901,Unknown,35.0,Empower,1532,Waters68,demeutte,15.0,,,7743901,Unknown,HEI_2024_3333,OG0653C_Assay_Atorvastatin,2024-06-24 12:38:43.000 UTC,2024-06-24,2024-06,35.0,Heist\Tetrascience\Atozet_As_DEG_Atorvastatin_new,1,"{LimsSampleId=7743901, Corr_Factor_Weight_Sample=1.0000000000, Volume_Sample_Solution=104.160000, Column_ID=4.6mm, Column_temp=35°C, LimsTestId=14473909, Assay_unit=mg/tab, Column_nr=FZ, Column_type=ascentis express c18, LabwareFileId=f3491c0e-602a-4d32-be77-5e4d728b6d92, Column_length=15cm}",1
2024-06-24 10:50:51.000 UTC,2024-06-24,2024-06,Heist\Tetrascience\Atozet_As_DEG_Atorvastatin_new,Waters68,HEI_2024_3333,OG0653C_Assay_Atorvastatin,,,Hydroxyl isopropyl epoxide,demeutte,,,8306cdbe-1fa0-439b-9bba-8c69dd7c7539,False,55c493b7-5389-5fb0-b5e1-8a5a76fbadc6,W2489 ChA,,,,,,,,18.777,,,,,,,,,,"{ATTRIBUTE_15=0.00000000, Column_ID=4.6mm, Column_temp=35°C, Final_Proc_Degr_Ref_Est=ND, Proc_Degr_Ref_Est_0=0.00000000, Column_nr=FZ, Column_type=ascentis express c18, LabwareFileId=f3491c0e-602a-4d32-be77-5e4d728b6d92, Column_length=15cm}",Empower,Diluent A,Unknown,35.0,Empower,1523,Waters68,demeutte,15.0,,,Diluent A,Unknown,HEI_2024_3333,OG0653C_Assay_Atorvastatin,2024-06-24 10:50:51.000 UTC,2024-06-24,2024-06,35.0,Heist\Tetrascience\Atozet_As_DEG_Atorvastatin_new,1,"{Column_ID=4.6mm, Column_temp=35°C, Column_nr=FZ, Column_type=ascentis express c18, LabwareFileId=f3491c0e-602a-4d32-be77-5e4d728b6d92, Column_length=15cm}",6
2024-06-24 12:38:43.000 UTC,2024-06-24,2024-06,Heist\Tetrascience\Atozet_As_DEG_Atorvastatin_new,Waters68,HEI_2024_3333,OG0653C_Assay_Atorvastatin,,,,demeutte,,,4014224e-17c5-4406-a95f-b741124cf347,False,ccfac136-bf57-5753-b680-e85b5bb83ce6,W2489 ChA,3.508,4.167,1.64,0.445,33638.0,0.67,,3.761,,,,,,,,,,"{ATTRIBUTE_15=1.11216526, LimsSampleId=7743901, Corr_Factor_Weight_Sample=1.0000000000, Column_ID=4.6mm, Proc_Degr_Ref_Est=1.11216526, Final_Proc_Degr_Ref_Est=1.11216526, Column_nr=FZ, Column_type=ascentis express c18, Corrected_Area_All=33638.4406, Column_length=15cm, Volume_Sample_Solution=104.160000, Corr_Amount_Weight_Sample=0.44486610, Column_temp=35°C, LimsTestId=14473909, Assay_unit=mg/tab, Proc_Degr_Ref_Est_0=1.11216526, LabwareFileId=f3491c0e-602a-4d32-be77-5e4d728b6d92}",Empower,7743901,Unknown,35.0,Empower,1532,Waters68,demeutte,15.0,,,7743901,Unknown,HEI_2024_3333,OG0653C_Assay_Atorvastatin,2024-06-24 12:38:43.000 UTC,2024-06-24,2024-06,35.0,Heist\Tetrascience\Atozet_As_DEG_Atorvastatin_new,1,"{LimsSampleId=7743901, Corr_Factor_Weight_Sample=1.0000000000, Volume_Sample_Solution=104.160000, Column_ID=4.6mm, Column_temp=35°C, LimsTestId=14473909, Assay_unit=mg/tab, Column_nr=FZ, Column_type=ascentis express c18, LabwareFileId=f3491c0e-602a-4d32-be77-5e4d728b6d92, Column_length=15cm}",1
2024-06-20 13:35:56.000 UTC,2024-06-20,2024-06,Heist\Tetrascience\Atozet_As_DEG_Atorvastatin_new,Waters68,HEIST_2024_ZZZZ,OG0653C_Assay_Atorvastatin,,,Dihydroxy epoxide,vancaelk,,,49ef29ff-e53a-422f-9653-2bf583244034,False,1b438ebe-5369-5d5c-868f-90d85f30b4c4,W2489 ChA,,,,,,,,19.91,,,,,,,,,,"{ATTRIBUTE_15=0.00000000, LimsSampleId=7742785, Corr_Factor_Weight_Sample=1.0000000000, Column_ID=4.6mm, Final_Proc_Degr_Ref_Est=ND, Column_nr=FZ, Column_type=ascentis express c18, Column_length=15cm, Volume_Sample_Solution=104.160000, Column_temp=35°C, LimsTestId=14472619, Assay_unit=mg/tab, Proc_Degr_Ref_Est_0=0.00000000, LabwareFileId=63af622c-86d2-436c-bb85-58ee51d4b08d}",Empower,7742785,Unknown,35.0,Empower,1405,Waters68,vancaelk,15.0,,,7742785,Unknown,HEIST_2024_ZZZZ,OG0653C_Assay_Atorvastatin,2024-06-20 13:35:56.000 UTC,2024-06-20,2024-06,35.0,Heist\Tetrascience\Atozet_As_DEG_Atorvastatin_new,2,"{LimsSampleId=7742785, Corr_Factor_Weight_Sample=1.0000000000, Volume_Sample_Solution=104.160000, Column_ID=4.6mm, Column_temp=35°C, LimsTestId=14472619, Assay_unit=mg/tab, Column_nr=FZ, Column_type=ascentis express c18, LabwareFileId=63af622c-86d2-436c-bb85-58ee51d4b08d, Column_length=15cm}",2
2024-06-20 13:00:07.000 UTC,2024-06-20,2024-06,Heist\Tetrascience\Atozet_As_DEG_Atorvastatin_new,Waters68,HEIST_2024_ZZZZ,OG0653C_Assay_Atorvastatin,,,Hydroxyl isopropyl epoxide,vancaelk,,,d4907f41-25d5-4d6f-8046-4f8e4c203f6a,False,3c6b31fc-12f4-5701-9fb3-310439fd811c,W2489 ChA,18.258,18.942,,,3681.0,0.1,,18.662,,,,,,,,,,"{Corrected_Area_Founds=3681.3722, LimsSampleId=7742782, Column_ID=4.6mm, Column_temp=35°C, LimsTestId=14472588, Column_nr=FZ, Column_type=ascentis express c18, Corrected_Area_All=3681.3722, LabwareFileId=63af622c-86d2-436c-bb85-58ee51d4b08d, Column_length=15cm}",Empower,Ref,Standard,35.0,Empower,1402,Waters68,vancaelk,15.0,,,Ref,Standard,HEIST_2024_ZZZZ,OG0653C_Assay_Atorvastatin,2024-06-20 13:00:07.000 UTC,2024-06-20,2024-06,35.0,Heist\Tetrascience\Atozet_As_DEG_Atorvastatin_new,2,"{LimsSampleId=7742782, Column_ID=4.6mm, Column_temp=35°C, LimsTestId=14472588, Column_nr=FZ, Column_type=ascentis express c18, LabwareFileId=63af622c-86d2-436c-bb85-58ee51d4b08d, Column_length=15cm}",9
2024-06-20 14:11:42.000 UTC,2024-06-20,2024-06,Heist\Tetrascience\Atozet_As_DEG_Atorvastatin_new,Waters68,HEIST_2024_ZZZZ,OG0653C_Assay_Atorvastatin,,,,vancaelk,,,88ca7cdb-c9a0-4b76-aed6-aea8afc40851,False,9621d455-af9a-588b-b738-7f447b09ed7b,W2489 ChA,3.517,4.1,1.77,0.737,35914.0,0.73,,3.78,,,,,,,,,,"{ATTRIBUTE_15=1.84271371, LimsSampleId=7742785, Corr_Factor_Weight_Sample=1.0000000000, Column_ID=4.6mm, Proc_Degr_Ref_Est=1.84271371, Final_Proc_Degr_Ref_Est=1.84271371, Column_nr=FZ, Column_type=ascentis express c18, Corrected_Area_All=35914.4137, Column_length=15cm, Volume_Sample_Solution=104.160000, Corr_Amount_Weight_Sample=0.73708549, Column_temp=35°C, LimsTestId=14472620, Assay_unit=mg/tab, Proc_Degr_Ref_Est_0=1.84271371, LabwareFileId=63af622c-86d2-436c-bb85-58ee51d4b08d}",Empower,7742785,Unknown,35.0,Empower,1408,Waters68,vancaelk,15.0,,,7742785,Unknown,HEIST_2024_ZZZZ,OG0653C_Assay_Atorvastatin,2024-06-20 14:11:42.000 UTC,2024-06-20,2024-06,35.0,Heist\Tetrascience\Atozet_As_DEG_Atorvastatin_new,2,"{LimsSampleId=7742785, Corr_Factor_Weight_Sample=1.0000000000, Volume_Sample_Solution=104.160000, Column_ID=4.6mm, Column_temp=35°C, LimsTestId=14472620, Assay_unit=mg/tab, Column_nr=FZ, Column_type=ascentis express c18, LabwareFileId=63af622c-86d2-436c-bb85-58ee51d4b08d, Column_length=15cm}",3
2024-06-20 13:35:56.000 UTC,2024-06-20,2024-06,Heist\Tetrascience\Atozet_As_DEG_Atorvastatin_new,Waters68,HEIST_2024_ZZZZ,OG0653C_Assay_Atorvastatin,,,RRT 1.55,vancaelk,,,49ef29ff-e53a-422f-9653-2bf583244034,False,1b438ebe-5369-5d5c-868f-90d85f30b4c4,W2489 ChA,,,,,,,,15.308,,,,,,,,,,"{ATTRIBUTE_15=0.00000000, LimsSampleId=7742785, Corr_Factor_Weight_Sample=1.0000000000, Column_ID=4.6mm, Final_Proc_Degr_Ref_Est=ND, Column_nr=FZ, Column_type=ascentis express c18, Column_length=15cm, Volume_Sample_Solution=104.160000, Column_temp=35°C, LimsTestId=14472619, Assay_unit=mg/tab, Proc_Degr_Ref_Est_0=0.00000000, LabwareFileId=63af622c-86d2-436c-bb85-58ee51d4b08d}",Empower,7742785,Unknown,35.0,Empower,1405,Waters68,vancaelk,15.0,,,7742785,Unknown,HEIST_2024_ZZZZ,OG0653C_Assay_Atorvastatin,2024-06-20 13:35:56.000 UTC,2024-06-20,2024-06,35.0,Heist\Tetrascience\Atozet_As_DEG_Atorvastatin_new,2,"{LimsSampleId=7742785, Corr_Factor_Weight_Sample=1.0000000000, Volume_Sample_Solution=104.160000, Column_ID=4.6mm, Column_temp=35°C, LimsTestId=14472619, Assay_unit=mg/tab, Column_nr=FZ, Column_type=ascentis express c18, LabwareFileId=63af622c-86d2-436c-bb85-58ee51d4b08d, Column_length=15cm}",2
